idx_df1;endereco_df1;numero_df1;complemento_df1;bairro_df1;idx_df2;cod_unico_df2;endereco_df2;numero_df2;complemento_df2;bairro_df2;similaridade_logradouro;similaridade_numero;similaridade_bairro;similaridade_final;latitude_verdadeira;longitude_verdadeira;cd_setor_verdadeiro;latitude_resultante;longitude_resultante;cd_setor_resultante;desvio_metros
0;AV ANTONIO PIRANGA CENTRO;614.0;3 ANDAR;centro;51302;49219192;AVENIDA  ANTONIO PIRANGA CENTRO;596;;centro;100.0;97.07;100.0;99.41;-23.686369;-46.618495;351380105000538;-23.686270;-46.618669;351380105000538;20.85934010286909
1;AVENIDA ANTONIO PIRANGA CENTRO;700.0;2 ANDAR;centro;50282;49219193;AVENIDA  ANTONIO PIRANGA CENTRO;700;;centro;100.0;100.0;100.0;100.0;-23.686098;-46.617136;351380105000538;-23.686248;-46.618424;351380105000538;132.2107303206193
2;AV ANTONIO PIRANGA CENTRO;614.0;2 ANDAR;centro;51302;49219192;AVENIDA  ANTONIO PIRANGA CENTRO;596;;centro;100.0;97.07;100.0;99.41;-23.686369;-46.618495;351380105000538;-23.686270;-46.618669;351380105000538;20.85934010286909
3;RUA DOS CARIRIS PIRAPORINHA;195.0;;piraporinha;3541;49343815;RUA  DOS CARIRIS PIRAPORINHA;195;;piraporinha;100.0;100.0;100.0;100.0;-23.689318;-46.585102;351380105000161;-23.689450;-46.584908;351380105000161;24.61020806710119
3;RUA DOS CARIRIS PIRAPORINHA;195.0;;piraporinha;3610;49343814;RUA  DOS CARIRIS PIRAPORINHA;195;;piraporinha;100.0;100.0;100.0;100.0;-23.689318;-46.585102;351380105000161;-23.690810;-46.584650;351380105000161;172.16885174117627
4;RUA MOACIAR GOULART CUNHA CALDAS CENTRO;111.0;;centro;26580;49426722;RUA  MOACYR GOULART CUNHA CALDAS CONCEICAO;112;;conceicao;94.55;99.11;40.0;90.0;-23.690741;-46.616207;351380105000461;-23.690714;-46.616370;351380105000461;16.86672991442263
5;PRACA RUI BARBOSA PIRAPORINHA;27.0;;piraporinha;160130;49344051;PRACA  RUI BARBOSA PIRAPORINHA;27;;piraporinha;100.0;100.0;100.0;100.0;-23.691040;-46.583043;351380105000161;-23.690702;-46.583124;351380105000161;38.478279655447984
6;AV NOSSA SENHORA DOS NAVEGANTES ELDORADO;288.0;;eldorado;43091;49371418;AVENIDA NOSSA SENHORA DOS NAVEGANTES ELDORADO;289;;eldorado;100.0;99.65;100.0;99.93;-23.717483;-46.624198;351380105000987;-23.717613;-46.623849;351380105000636;38.35748680446429
7;RUA CAPIBARIBE JARDIM CAMPANARIO;193.0;;jardim campanario;115200;49231842;RUA  CAPIBARIBE CAMPANARIO;193;;campanario;100.0;100.0;100.0;100.0;-23.670447;-46.620124;351380105000043;-23.670499;-46.619981;351380105000045;15.669028938826507
8;AV PIRAPORINHA PIRAPORINHA;1682.0;;piraporinha;30100;49344461;AVENIDA  PIRAPORINHA PIRAPORINHA;1682;;piraporinha;100.0;100.0;100.0;100.0;-23.691897;-46.587164;351380105000162;-23.691713;-46.587132;351380105000162;20.71772587594972
9;RUA JOSE BONIFACIO SERRARIA;1641.0;;serraria;40021;49420452;RUA  JOSE BONIFACIO SERRARIA;1390;FUNDOS 1;serraria;100.0;84.7;100.0;96.94;-23.706553;-46.609089;351380105000646;-23.705063;-46.610750;351380105000433;236.74574487301456
9;RUA JOSE BONIFACIO SERRARIA;1641.0;;serraria;40203;49420453;RUA  JOSE BONIFACIO SERRARIA;1390;FUNDOS 2;serraria;100.0;84.7;100.0;96.94;-23.706553;-46.609089;351380105000646;-23.705063;-46.610801;351380105000433;240.4822368332262
10;RUA TIRADENTES CENTRO;100.0;;centro;39595;49219194;RUA  TIRADENTES CENTRO;100;;centro;100.0;100.0;100.0;100.0;-23.686167;-46.616583;351380105000538;-23.686536;-46.616541;351380105000538;41.25327194078649
11;RUA MEM DE SA JARDIM CASA GRANDE;280.0;;jardim casa grande;162216;49356944;RUA  MEM DE SA CASA GRANDE;285;FRENTE;casa grande;100.0;98.25;100.0;99.65;-23.699334;-46.591767;351380105000220;-23.699361;-46.591791;351380105000209;3.871034550021034
12;AVN SAO JOSE CENTRO;472.0;;centro;43372;224196991;AVENIDA SAO JOSE CENTRO;481;FRENTE;centro;100.0;98.13;100.0;99.63;-23.689086;-46.628390;351380105000998;-23.689420;-46.628359;351380105000012;37.27306054524453
12;AVN SAO JOSE CENTRO;472.0;;centro;44877;49220915;AVENIDA SAO JOSE CENTRO;481;FRENTE;centro;100.0;98.13;100.0;99.63;-23.689086;-46.628390;351380105000998;-23.689418;-46.628451;351380105000012;37.43566000482214
13;RUA SERRA DE MARACUJA PARQUE REID;49.0;;parque reid;69982;49223975;RUA  SERRA DE MARACUJA CENTRO;49;;centro;100.0;100.0;23.53;92.35;-23.676691;-46.626631;351380105000953;-23.676620;-46.626252;351380105000725;39.39479187190163
14;RUA BARAO DE IGUAPE VIL SAO JOSE;98.0;;vila sao jose;15269;49408491;RUA BARAO DE IGUAPE PIRAPORINHA;98;;piraporinha;100.0;100.0;33.33;93.33;-23.677685;-46.584106;351380105000390;-23.677487;-46.583598;351380105000390;56.222166288262336
15;RUA SEBASTIAO FERNANDES TOURINHO VIL NOGUEIRA;285.0;;vila nogueira;26719;49409956;RUA  SEBASTIAO FERNANDES TOURINHO VILA NOGUEIRA;299;FUNDOS;vila nogueira;100.0;95.32;100.0;99.06;-23.688413;-46.595611;351380105000394;-23.688270;-46.595684;351380105000394;17.552570139589797
16;RUA DAS AMEIXEIRAS JD ABC;679.0;;jardim abc;19643;49302625;AVENIDA  DAS AMEIXEIRAS TABOAO;597;;taboao;100.0;87.92;37.5;91.33;-23.665401;-46.602332;351380105000101;-23.665867;-46.603110;351380105000590;94.67372649989106
17;RUA 22 DE ABRIL JD CANHEMA;113.0;;jardim canhema;179101;224613910;RUA  VINTE E DOIS DE ABRIL CANHEMA;102;CASA 2;canhema;100.0;90.27;100.0;98.05;-23.678010;-46.604824;351380105000381;-23.677738;-46.603947;351380105000381;94.29116763000297
18;RUA JOSE VICENTE JD INAMAR;122.0;;jardim inamar;64177;97194345;RUA  JOSE VICENTE INAMAR;153;;inamar;100.0;79.74;100.0;95.95;-23.717048;-46.613337;351380105000283;-23.717380;-46.613370;351380105000886;37.06931422661671
19;RUA JAVARI JD PAINEIRAS;635.0;;jardim paineiras;21410;199951524;RUA  JAVARI TABOAO;635;;taboao;100.0;100.0;18.18;91.82;-23.664817;-46.617645;351380105000374;-23.664585;-46.617682;351380105000374;26.071023899618858
20;AV ELDORADO JARDIM RUYCE;817.0;;jardim ruyce;98493;49360155;AVENIDA  ELDORADO JARDIM RUYCE;817;;jardim ruyce;100.0;100.0;100.0;100.0;-23.710703;-46.599918;351380105000846;-23.710919;-46.600193;351380105000846;36.888013361598354
21;RUA ODETE AMARAL DE OLIVEIRA PRQ REAL;129.0;;parque real;168293;49396454;RUA  ODETE AMARAL DE OLIVEIRA CONCEICAO;129;;conceicao;100.0;100.0;20.0;92.0;-23.693584;-46.622844;351380105000675;-23.693253;-46.623149;351380105000675;48.15717052202602
22;RUA PRUDENTE DE MORAIS JARDIM CASA GRANDE;300.0;;jardim casa grande;80538;49363530;RUA  PRUDENTE DE MORAIS CASA GRANDE;384;;casa grande;100.0;78.12;100.0;95.62;-23.695878;-46.599147;351380105000237;-23.695485;-46.600048;351380105000235;101.61665884595497
23;AV LICO MAIA SERRARIA;803.0;;serraria;11343;49428430;AVENIDA  LICO MAIA SERRARIA;803;;serraria;100.0;100.0;100.0;100.0;-23.699036;-46.610028;351380105000466;-23.699077;-46.610001;351380105000466;5.32371356320397
24;AVN PRESIDENTE JUSCELINO PIRAPORINHA;759.0;;piraporinha;21;200706717;AVENIDA PRESIDENTE JUSCELINO PIRAPORINHA;330;BLOCO B;piraporinha;100.0;43.48;100.0;88.7;-23.683010;-46.589364;351380105000995;-23.682106;-46.592738;351380105000913;357.97978187391146
24;AVN PRESIDENTE JUSCELINO PIRAPORINHA;759.0;;piraporinha;27;200708064;AVENIDA PRESIDENTE JUSCELINO PIRAPORINHA;330;BLOCO C;piraporinha;100.0;43.48;100.0;88.7;-23.683010;-46.589364;351380105000995;-23.682209;-46.592938;351380105000913;374.6832292132413
25;AVENIDA SINESIO PEREIRA CAMPANARIO;27.0;;campanario;25087;200897118;AVENIDA  SYNESIO PEREIRA CAMPANARIO;27;;campanario;93.33;100.0;100.0;95.33;-23.663797;-46.624519;351380105000064;-23.663601;-46.624510;351380105000064;21.81350231815565
26;AVENIDA AFRANIO PEIXOTO VILA PAULINA;643.0;;vila paulina;58365;97192636;AVENIDA  AFRANIO PEIXOTO ELDORADO;541;SOBRADO;eldorado;100.0;84.14;20.0;88.83;-23.729499;-46.616013;351380105000940;-23.729916;-46.617195;351380105000632;128.94589936356044
27;RUA ITALIA JARDIM DAS NACOES;290.0;;jardim das nacoes;79140;49295826;RUA  ITALIA TABOAO;291;;taboao;100.0;99.66;26.09;92.54;-23.673751;-46.609552;351380105000119;-23.673809;-46.609653;351380105000078;12.140313646399234
27;RUA ITALIA JARDIM DAS NACOES;290.0;;jardim das nacoes;79339;49295886;RUA  ITALIA TABOAO;291;CASA 2;taboao;100.0;99.66;26.09;92.54;-23.673751;-46.609552;351380105000119;-23.673853;-46.609667;351380105000078;16.303182733930115
28;RUA GRACIOSA CENTRO;;;centro;15506;50151337;RUA  GRACIOSA CENTRO;187;;centro;100.0;0.0;100.0;80.0;-23.688461;-46.624804;351380105000531;-23.689571;-46.624499;351380105000526;127.27387224429074
28;RUA GRACIOSA CENTRO;;;centro;15957;50151338;RUA  GRACIOSA CENTRO;185;;centro;100.0;0.0;100.0;80.0;-23.688461;-46.624804;351380105000531;-23.689557;-46.624505;351380105000526;125.61529691811005
28;RUA GRACIOSA CENTRO;;;centro;15958;50151339;RUA  GRACIOSA CENTRO;173;;centro;100.0;0.0;100.0;80.0;-23.688461;-46.624804;351380105000531;-23.689505;-46.624526;351380105000526;119.4891786910733
28;RUA GRACIOSA CENTRO;;;centro;16347;200545302;RUA  GRACIOSA CENTRO;0;;centro;100.0;0.0;100.0;80.0;-23.688461;-46.624804;351380105000531;-23.689491;-46.624510;351380105000526;118.37882059868281
28;RUA GRACIOSA CENTRO;;;centro;32133;49220345;RUA  GRACIOSA CENTRO;516;;centro;100.0;0.0;100.0;80.0;-23.688461;-46.624804;351380105000531;-23.692479;-46.623488;351380105000549;466.444340881593
28;RUA GRACIOSA CENTRO;;;centro;32178;49220347;RUA  GRACIOSA CENTRO;528;;centro;100.0;0.0;100.0;80.0;-23.688461;-46.624804;351380105000531;-23.692532;-46.623385;351380105000549;475.1756601853312
28;RUA GRACIOSA CENTRO;;;centro;32410;49220346;RUA  GRACIOSA CENTRO;520;;centro;100.0;0.0;100.0;80.0;-23.688461;-46.624804;351380105000531;-23.692516;-46.623402;351380105000549;472.9557249200001
28;RUA GRACIOSA CENTRO;;;centro;32591;49220344;RUA  GRACIOSA CENTRO;508;FRENTE;centro;100.0;0.0;100.0;80.0;-23.688461;-46.624804;351380105000531;-23.692293;-46.623399;351380105000549;449.4752939001349
28;RUA GRACIOSA CENTRO;;;centro;43202;200545332;RUA  GRACIOSA CENTRO;0;;centro;100.0;0.0;100.0;80.0;-23.688461;-46.624804;351380105000531;-23.689297;-46.624572;351380105000526;95.91384780510505
28;RUA GRACIOSA CENTRO;;;centro;43270;50151272;RUA  GRACIOSA CENTRO;0;;centro;100.0;0.0;100.0;80.0;-23.688461;-46.624804;351380105000531;-23.690995;-46.623984;351380105000526;293.87937107110383
28;RUA GRACIOSA CENTRO;;;centro;43306;50151353;RUA  GRACIOSA CENTRO;117;;centro;100.0;0.0;100.0;80.0;-23.688461;-46.624804;351380105000531;-23.689038;-46.624821;351380105000526;64.18290900973324
28;RUA GRACIOSA CENTRO;;;centro;43307;200545326;RUA  GRACIOSA CENTRO;125;SOBRADO A;centro;100.0;0.0;100.0;80.0;-23.688461;-46.624804;351380105000531;-23.689125;-46.624726;351380105000526;74.2594956490943
28;RUA GRACIOSA CENTRO;;;centro;43365;200545319;RUA  GRACIOSA CENTRO;35;;centro;100.0;0.0;100.0;80.0;-23.688461;-46.624804;351380105000531;-23.688242;-46.625162;351380105000526;43.83932032807843
28;RUA GRACIOSA CENTRO;;;centro;43424;50151361;RUA  GRACIOSA CENTRO;61;;centro;100.0;0.0;100.0;80.0;-23.688461;-46.624804;351380105000531;-23.688567;-46.625012;351380105000526;24.238630984919006
28;RUA GRACIOSA CENTRO;;;centro;43452;50151365;RUA  GRACIOSA CENTRO;39;;centro;100.0;0.0;100.0;80.0;-23.688461;-46.624804;351380105000531;-23.688437;-46.625056;351380105000526;25.798597712606153
28;RUA GRACIOSA CENTRO;;;centro;43512;50151349;RUA  GRACIOSA CENTRO;141;;centro;100.0;0.0;100.0;80.0;-23.688461;-46.624804;351380105000531;-23.689183;-46.624647;351380105000526;81.85908096669344
28;RUA GRACIOSA CENTRO;;;centro;43513;50151355;RUA  GRACIOSA CENTRO;101;;centro;100.0;0.0;100.0;80.0;-23.688461;-46.624804;351380105000531;-23.688945;-46.624808;351380105000526;53.81996007225863
28;RUA GRACIOSA CENTRO;;;centro;43624;200545324;RUA  GRACIOSA CENTRO;83;;centro;100.0;0.0;100.0;80.0;-23.688461;-46.624804;351380105000531;-23.688841;-46.624919;351380105000526;43.84672713671017
28;RUA GRACIOSA CENTRO;;;centro;43658;50151357;RUA  GRACIOSA CENTRO;89;;centro;100.0;0.0;100.0;80.0;-23.688461;-46.624804;351380105000531;-23.688831;-46.624871;351380105000526;41.703996541527594
28;RUA GRACIOSA CENTRO;;;centro;43714;200545330;RUA  GRACIOSA CENTRO;155;;centro;100.0;0.0;100.0;80.0;-23.688461;-46.624804;351380105000531;-23.689183;-46.624576;351380105000526;83.57231854275658
28;RUA GRACIOSA CENTRO;;;centro;43882;50151368;RUA  GRACIOSA CENTRO;23;;centro;100.0;0.0;100.0;80.0;-23.688461;-46.624804;351380105000531;-23.688138;-46.625073;351380105000526;45.16903561772106
28;RUA GRACIOSA CENTRO;;;centro;44016;50151350;RUA  GRACIOSA CENTRO;137;;centro;100.0;0.0;100.0;80.0;-23.688461;-46.624804;351380105000531;-23.689139;-46.624715;351380105000526;75.93300324239245
28;RUA GRACIOSA CENTRO;;;centro;44089;50151366;RUA  GRACIOSA CENTRO;37;;centro;100.0;0.0;100.0;80.0;-23.688461;-46.624804;351380105000531;-23.688310;-46.625141;351380105000526;38.20299622898149
28;RUA GRACIOSA CENTRO;;;centro;44204;200545321;RUA  GRACIOSA CENTRO;0;SOBRELOJA;centro;100.0;0.0;100.0;80.0;-23.688461;-46.624804;351380105000531;-23.688443;-46.625091;351380105000526;29.292574070617533
28;RUA GRACIOSA CENTRO;;;centro;44237;50151356;RUA  GRACIOSA CENTRO;95;;centro;100.0;0.0;100.0;80.0;-23.688461;-46.624804;351380105000531;-23.688886;-46.624856;351380105000526;47.55361704487944
28;RUA GRACIOSA CENTRO;;;centro;44313;200545325;RUA  GRACIOSA CENTRO;0;;centro;100.0;0.0;100.0;80.0;-23.688461;-46.624804;351380105000531;-23.689060;-46.624827;351380105000526;66.64701501279168
28;RUA GRACIOSA CENTRO;;;centro;44385;200545323;RUA  GRACIOSA CENTRO;73;;centro;100.0;0.0;100.0;80.0;-23.688461;-46.624804;351380105000531;-23.688644;-46.624972;351380105000526;26.58404943050248
28;RUA GRACIOSA CENTRO;;;centro;44419;50151352;RUA  GRACIOSA CENTRO;125;;centro;100.0;0.0;100.0;80.0;-23.688461;-46.624804;351380105000531;-23.689054;-46.624800;351380105000526;65.93994052555082
28;RUA GRACIOSA CENTRO;;;centro;44648;50151362;RUA  GRACIOSA CENTRO;53;;centro;100.0;0.0;100.0;80.0;-23.688461;-46.624804;351380105000531;-23.688441;-46.625120;351380105000526;32.253834001685746
28;RUA GRACIOSA CENTRO;;;centro;44691;50151359;RUA  GRACIOSA CENTRO;85;;centro;100.0;0.0;100.0;80.0;-23.688461;-46.624804;351380105000531;-23.688692;-46.624940;351380105000526;29.181339732569267
28;RUA GRACIOSA CENTRO;;;centro;45026;200545328;RUA  GRACIOSA CENTRO;0;;centro;100.0;0.0;100.0;80.0;-23.688461;-46.624804;351380105000531;-23.689176;-46.624586;351380105000526;82.54523567145758
28;RUA GRACIOSA CENTRO;;;centro;60034;50151403;RUA  GRACIOSA CENTRO;207;;centro;100.0;0.0;100.0;80.0;-23.688461;-46.624804;351380105000531;-23.689841;-46.624302;351380105000526;161.73915338001726
28;RUA GRACIOSA CENTRO;;;centro;60378;50151400;RUA  GRACIOSA CENTRO;205;;centro;100.0;0.0;100.0;80.0;-23.688461;-46.624804;351380105000531;-23.689668;-46.624323;351380105000526;142.87002985557922
28;RUA GRACIOSA CENTRO;;;centro;60408;50151396;RUA  GRACIOSA CENTRO;227;;centro;100.0;0.0;100.0;80.0;-23.688461;-46.624804;351380105000531;-23.689950;-46.624293;351380105000526;173.55307929500387
28;RUA GRACIOSA CENTRO;;;centro;60704;50151401;RUA  GRACIOSA CENTRO;203;;centro;100.0;0.0;100.0;80.0;-23.688461;-46.624804;351380105000531;-23.689742;-46.624361;351380105000526;149.41288721030043
28;RUA GRACIOSA CENTRO;;;centro;60819;200545351;RUA  GRACIOSA CENTRO;217;;centro;100.0;0.0;100.0;80.0;-23.688461;-46.624804;351380105000531;-23.689816;-46.624342;351380105000526;157.84275144129202
28;RUA GRACIOSA CENTRO;;;centro;60940;50151404;RUA  GRACIOSA CENTRO;197;SOBRADO;centro;100.0;0.0;100.0;80.0;-23.688461;-46.624804;351380105000531;-23.689783;-46.624434;351380105000526;151.75115250684073
28;RUA GRACIOSA CENTRO;;;centro;61011;50151399;RUA  GRACIOSA CENTRO;213;;centro;100.0;0.0;100.0;80.0;-23.688461;-46.624804;351380105000531;-23.689896;-46.624330;351380105000526;166.70486891935286
28;RUA GRACIOSA CENTRO;;;centro;61253;50151397;RUA  GRACIOSA CENTRO;223;;centro;100.0;0.0;100.0;80.0;-23.688461;-46.624804;351380105000531;-23.689941;-46.624288;351380105000526;172.75278821572297
28;RUA GRACIOSA CENTRO;;;centro;61596;50151398;RUA  GRACIOSA CENTRO;221;;centro;100.0;0.0;100.0;80.0;-23.688461;-46.624804;351380105000531;-23.689903;-46.624461;351380105000526;164.10305934460519
28;RUA GRACIOSA CENTRO;;;centro;63880;50151318;RUA  GRACIOSA CENTRO;239;;centro;100.0;0.0;100.0;80.0;-23.688461;-46.624804;351380105000531;-23.690029;-46.624487;351380105000526;177.3166438913304
28;RUA GRACIOSA CENTRO;;;centro;63952;200545243;RUA  GRACIOSA CENTRO;267;;centro;100.0;0.0;100.0;80.0;-23.688461;-46.624804;351380105000531;-23.690352;-46.624329;351380105000526;215.76098851304607
28;RUA GRACIOSA CENTRO;;;centro;64154;50151323;RUA  GRACIOSA CENTRO;279;;centro;100.0;0.0;100.0;80.0;-23.688461;-46.624804;351380105000531;-23.690365;-46.624313;351380105000526;217.53862464813366
28;RUA GRACIOSA CENTRO;;;centro;64262;200545247;RUA  GRACIOSA CENTRO;0;CASA 3;centro;100.0;0.0;100.0;80.0;-23.688461;-46.624804;351380105000531;-23.690528;-46.624048;351380105000526;242.3890444181205
28;RUA GRACIOSA CENTRO;;;centro;64391;200545240;RUA  GRACIOSA CENTRO;259;;centro;100.0;0.0;100.0;80.0;-23.688461;-46.624804;351380105000531;-23.690097;-46.624329;351380105000526;188.23522923103454
28;RUA GRACIOSA CENTRO;;;centro;64702;50151314;RUA  GRACIOSA CENTRO;309;;centro;100.0;0.0;100.0;80.0;-23.688461;-46.624804;351380105000531;-23.690538;-46.624066;351380105000526;242.8703352560455
28;RUA GRACIOSA CENTRO;;;centro;64853;200545258;RUA  GRACIOSA CENTRO;241;;centro;100.0;0.0;100.0;80.0;-23.688461;-46.624804;351380105000531;-23.690250;-46.624303;351380105000526;205.36512447429357
28;RUA GRACIOSA CENTRO;;;centro;65511;50151316;RUA  GRACIOSA CENTRO;241;;centro;100.0;0.0;100.0;80.0;-23.688461;-46.624804;351380105000531;-23.689987;-46.624381;351380105000526;175.06504972240046
28;RUA GRACIOSA CENTRO;;;centro;65640;50151315;RUA  GRACIOSA CENTRO;295;;centro;100.0;0.0;100.0;80.0;-23.688461;-46.624804;351380105000531;-23.690500;-46.624140;351380105000526;236.5933583032835
28;RUA GRACIOSA CENTRO;;;centro;65804;200545255;RUA  GRACIOSA CENTRO;239;CASA 1;centro;100.0;0.0;100.0;80.0;-23.688461;-46.624804;351380105000531;-23.690528;-46.624048;351380105000526;242.3890444181205
28;RUA GRACIOSA CENTRO;;;centro;150037;50151838;RUA  GRACIOSA CENTRO;396;;centro;100.0;0.0;100.0;80.0;-23.688461;-46.624804;351380105000531;-23.691237;-46.623737;351380105000002;327.24009102018385
28;RUA GRACIOSA CENTRO;;;centro;150043;50151845;RUA  GRACIOSA CENTRO;414;;centro;100.0;0.0;100.0;80.0;-23.688461;-46.624804;351380105000531;-23.691447;-46.623669;351380105000002;351.5674567561812
28;RUA GRACIOSA CENTRO;;;centro;150044;50151846;RUA  GRACIOSA CENTRO;420;;centro;100.0;0.0;100.0;80.0;-23.688461;-46.624804;351380105000531;-23.691632;-46.623669;351380105000002;371.0568744358016
28;RUA GRACIOSA CENTRO;;;centro;150053;50151833;RUA  GRACIOSA CENTRO;388;APARTAMENTO 205;centro;100.0;0.0;100.0;80.0;-23.688461;-46.624804;351380105000531;-23.691210;-46.623736;351380105000002;324.4437774829504
28;RUA GRACIOSA CENTRO;;;centro;150054;200442956;RUA  GRACIOSA CENTRO;488;FRENTE SALAO;centro;100.0;0.0;100.0;80.0;-23.688461;-46.624804;351380105000531;-23.692338;-46.623610;351380105000002;447.91901649317657
28;RUA GRACIOSA CENTRO;;;centro;150061;200442946;RUA  GRACIOSA CENTRO;488;SALA 2;centro;100.0;0.0;100.0;80.0;-23.688461;-46.624804;351380105000531;-23.692218;-46.623517;351380105000002;437.8321954312193
28;RUA GRACIOSA CENTRO;;;centro;150067;50151849;RUA  GRACIOSA CENTRO;440;;centro;100.0;0.0;100.0;80.0;-23.688461;-46.624804;351380105000531;-23.691789;-46.623750;351380105000002;385.3059406024175
28;RUA GRACIOSA CENTRO;;;centro;150112;50151844;RUA  GRACIOSA CENTRO;410;;centro;100.0;0.0;100.0;80.0;-23.688461;-46.624804;351380105000531;-23.691424;-46.623694;351380105000002;348.31879058057325
28;RUA GRACIOSA CENTRO;;;centro;150122;50151855;RUA  GRACIOSA CENTRO;444;FUNDOS;centro;100.0;0.0;100.0;80.0;-23.688461;-46.624804;351380105000531;-23.691870;-46.623735;351380105000002;394.383095039897
28;RUA GRACIOSA CENTRO;;;centro;150208;200442921;RUA  GRACIOSA CENTRO;470;;centro;100.0;0.0;100.0;80.0;-23.688461;-46.624804;351380105000531;-23.692032;-46.623662;351380105000002;413.7542642729289
28;RUA GRACIOSA CENTRO;;;centro;150211;50151827;RUA  GRACIOSA CENTRO;374;;centro;100.0;0.0;100.0;80.0;-23.688461;-46.624804;351380105000531;-23.691123;-46.623891;351380105000002;310.25717387688115
28;RUA GRACIOSA CENTRO;;;centro;150240;50151851;RUA  GRACIOSA CENTRO;470;;centro;100.0;0.0;100.0;80.0;-23.688461;-46.624804;351380105000531;-23.691943;-46.623714;351380105000002;402.77525336276864
28;RUA GRACIOSA CENTRO;;;centro;150248;200442941;RUA  GRACIOSA CENTRO;476;CASA;centro;100.0;0.0;100.0;80.0;-23.688461;-46.624804;351380105000531;-23.692116;-46.623510;351380105000002;427.2430529085255
28;RUA GRACIOSA CENTRO;;;centro;150264;50151852;RUA  GRACIOSA CENTRO;474;;centro;100.0;0.0;100.0;80.0;-23.688461;-46.624804;351380105000531;-23.692062;-46.623714;351380105000002;415.5111505697305
28;RUA GRACIOSA CENTRO;;;centro;150304;50151843;RUA  GRACIOSA CENTRO;406;;centro;100.0;0.0;100.0;80.0;-23.688461;-46.624804;351380105000531;-23.691494;-46.623868;351380105000002;350.46307888473757
28;RUA GRACIOSA CENTRO;;;centro;150346;50151848;RUA  GRACIOSA CENTRO;438;;centro;100.0;0.0;100.0;80.0;-23.688461;-46.624804;351380105000531;-23.691661;-46.623653;351380105000002;374.62895883227696
28;RUA GRACIOSA CENTRO;;;centro;150364;50151847;RUA  GRACIOSA CENTRO;432;;centro;100.0;0.0;100.0;80.0;-23.688461;-46.624804;351380105000531;-23.691622;-46.623680;351380105000002;369.65206932054184
28;RUA GRACIOSA CENTRO;;;centro;150385;200442950;RUA  GRACIOSA CENTRO;488;SALA 3;centro;100.0;0.0;100.0;80.0;-23.688461;-46.624804;351380105000531;-23.692262;-46.623545;351380105000002;441.66693381254197
28;RUA GRACIOSA CENTRO;;;centro;150459;50151828;RUA  GRACIOSA CENTRO;378;;centro;100.0;0.0;100.0;80.0;-23.688461;-46.624804;351380105000531;-23.691107;-46.623783;351380105000002;312.0498291542163
28;RUA GRACIOSA CENTRO;;;centro;150501;50151837;RUA  GRACIOSA CENTRO;392;;centro;100.0;0.0;100.0;80.0;-23.688461;-46.624804;351380105000531;-23.691253;-46.623789;351380105000002;327.2079945889163
28;RUA GRACIOSA CENTRO;;;centro;150832;50151781;RUA  GRACIOSA CENTRO;350;;centro;100.0;0.0;100.0;80.0;-23.688461;-46.624804;351380105000531;-23.690809;-46.624092;351380105000002;270.96515353351606
28;RUA GRACIOSA CENTRO;;;centro;150848;200442777;RUA  GRACIOSA CENTRO;202;BANCA;centro;100.0;0.0;100.0;80.0;-23.688461;-46.624804;351380105000531;-23.689902;-46.624394;351380105000002;165.58160112689916
28;RUA GRACIOSA CENTRO;;;centro;150855;50151776;RUA  GRACIOSA CENTRO;300;;centro;100.0;0.0;100.0;80.0;-23.688461;-46.624804;351380105000531;-23.690590;-46.624220;351380105000002;244.08880827986232
28;RUA GRACIOSA CENTRO;;;centro;150899;200442773;RUA  GRACIOSA CENTRO;160;BANCA;centro;100.0;0.0;100.0;80.0;-23.688461;-46.624804;351380105000531;-23.689513;-46.624641;351380105000002;118.14885248185585
28;RUA GRACIOSA CENTRO;;;centro;150907;50151780;RUA  GRACIOSA CENTRO;328;;centro;100.0;0.0;100.0;80.0;-23.688461;-46.624804;351380105000531;-23.690754;-46.623987;351380105000002;268.19889700821
28;RUA GRACIOSA CENTRO;;;centro;150939;50151777;RUA  GRACIOSA CENTRO;316;;centro;100.0;0.0;100.0;80.0;-23.688461;-46.624804;351380105000531;-23.690627;-46.624080;351380105000002;251.87871360628472
29;RUA CARAMURU VL CONCEICAO;1255.0;;vila conceicao;36283;49398148;RUA  CARAMURU CONCEICAO;1264;;conceicao;100.0;99.29;100.0;99.86;-23.691191;-46.610021;351380105000350;-23.691414;-46.609824;351380105000351;31.89424511513941
30;RUA MANOEL DA NOBREGA VL CONCEICAO;605.0;;vila conceicao;2593;199934843;RUA  MANOEL DA NOBREGA CENTRO;350;;centro;100.0;57.85;30.0;84.57;-23.690327;-46.622732;351380105000528;-23.686723;-46.620786;351380105000010;447.06048583371467
30;RUA MANOEL DA NOBREGA VL CONCEICAO;605.0;;vila conceicao;2768;199934831;RUA  MANOEL DA NOBREGA CENTRO;350;;centro;100.0;57.85;30.0;84.57;-23.690327;-46.622732;351380105000528;-23.686904;-46.620933;351380105000010;422.4084907780365
30;RUA MANOEL DA NOBREGA VL CONCEICAO;605.0;;vila conceicao;2844;199934861;RUA  MANOEL DA NOBREGA CENTRO;350;;centro;100.0;57.85;30.0;84.57;-23.690327;-46.622732;351380105000528;-23.686720;-46.620650;351380105000010;453.66346211964384
30;RUA MANOEL DA NOBREGA VL CONCEICAO;605.0;;vila conceicao;3180;199934854;RUA  MANOEL DA NOBREGA CENTRO;350;;centro;100.0;57.85;30.0;84.57;-23.690327;-46.622732;351380105000528;-23.686731;-46.620681;351380105000010;451.11242276183674
30;RUA MANOEL DA NOBREGA VL CONCEICAO;605.0;;vila conceicao;3213;49219919;RUA  MANOEL DA NOBREGA CENTRO;350;;centro;100.0;57.85;30.0;84.57;-23.690327;-46.622732;351380105000528;-23.686706;-46.620805;351380105000010;447.9048365289191
30;RUA MANOEL DA NOBREGA VL CONCEICAO;605.0;;vila conceicao;3319;199934848;RUA  MANOEL DA NOBREGA CENTRO;350;;centro;100.0;57.85;30.0;84.57;-23.690327;-46.622732;351380105000528;-23.686734;-46.620649;351380105000010;452.3354850418962
30;RUA MANOEL DA NOBREGA VL CONCEICAO;605.0;;vila conceicao;3856;199934838;RUA  MANOEL DA NOBREGA CENTRO;350;;centro;100.0;57.85;30.0;84.57;-23.690327;-46.622732;351380105000528;-23.686932;-46.620797;351380105000010;425.8332042340187
31;AVENIDA ANTONIO PIRANGA CENTRO;700.0;;centro;50282;49219193;AVENIDA  ANTONIO PIRANGA CENTRO;700;;centro;100.0;100.0;100.0;100.0;-23.686120;-46.617233;351380105000538;-23.686248;-46.618424;351380105000538;122.10941660665938
32;RUA NELSON RODRIGUES VL CONCEICAO;191.0;;vila conceicao;67716;49396891;RUA  NELSON RODRIGUES CONCEICAO;191;FRENTE;conceicao;100.0;100.0;100.0;100.0;-23.692654;-46.617952;351380105000343;-23.692549;-46.617933;351380105000343;11.834683331356207
33;RUA SANTO AMARO CENTRO;92.0;;centro;112213;97188507;RUA SANTO AMARO CENTRO;92;;centro;100.0;100.0;100.0;100.0;-23.683663;-46.632286;351380105000015;-23.683683;-46.632346;351380105000015;6.501947909961347
34;RUA COIMBRA CENTRO;760.0;;centro;43728;49431198;RUA  COIMBRA CENTRO;763;;centro;100.0;99.61;100.0;99.92;-23.697643;-46.628780;351380105000356;-23.697554;-46.628848;351380105000477;12.077894703231811
35;RUA BOROROS CONCEICAO;80.0;;conceicao;52733;219077816;RUA  BOROROS CONCEICAO;48;GARAGEM 1GARAGEM UBS;conceicao;100.0;60.0;100.0;92.0;-23.700026;-46.618561;351380105000331;-23.700079;-46.619106;351380105000329;55.80241121431329
35;RUA BOROROS CONCEICAO;80.0;;conceicao;52930;49392517;RUA  BOROROS CONCEICAO;48;CASA 3;conceicao;100.0;60.0;100.0;92.0;-23.700026;-46.618561;351380105000331;-23.698280;-46.615111;351380105000329;401.353457077349
36;AVENIDA ANTONIO PIRANGA CENTRO;556.0;;centro;61402;49219183;AVENIDA  ANTONIO PIRANGA CENTRO;556;ENTRADA;centro;100.0;100.0;100.0;100.0;-23.686446;-46.618944;351380105000538;-23.686288;-46.618993;351380105000538;18.263604923118365
37;RUA JAVARI JARDIM PAINEIRAS;635.0;;jardim paineiras;21410;199951524;RUA  JAVARI TABOAO;635;;taboao;100.0;100.0;18.18;91.82;-23.664802;-46.617645;351380105000374;-23.664585;-46.617682;351380105000374;24.42180213263269
38;RUA SAO JORGE CENTRO;98.0;;centro;28001;50151585;RUA SAO JORGE CENTRO;98;;centro;100.0;100.0;100.0;100.0;-23.685945;-46.626568;351380105000002;-23.686088;-46.626424;351380105000002;21.6298225059819
39;ANTONIO PIRANGA CENTRO;556.0;;centro;61402;49219183;AVENIDA  ANTONIO PIRANGA CENTRO;556;ENTRADA;centro;100.0;100.0;100.0;100.0;-23.686447;-46.618944;351380105000538;-23.686288;-46.618993;351380105000538;18.370595043177396
40;AVENIDA NOSSA SENHORA DOS NAVEGANTES ELDORADO;332.0;;eldorado;938;49434131;AVENIDA NOSSA SENHORA DOS NAVEGANTES ELDORADO;332;;eldorado;100.0;100.0;100.0;100.0;-23.717740;-46.624015;351380105000987;-23.717684;-46.623864;351380105000510;16.58560806303996
40;AVENIDA NOSSA SENHORA DOS NAVEGANTES ELDORADO;332.0;;eldorado;12274;200917641;AVENIDA NOSSA SENHORA DOS NAVEGANTES ELDORADO;332;;eldorado;100.0;100.0;100.0;100.0;-23.717740;-46.624015;351380105000987;-23.718153;-46.623604;351380105000510;62.12609786292022
40;AVENIDA NOSSA SENHORA DOS NAVEGANTES ELDORADO;332.0;;eldorado;12598;200917647;AVENIDA NOSSA SENHORA DOS NAVEGANTES ELDORADO;332;;eldorado;100.0;100.0;100.0;100.0;-23.717740;-46.624015;351380105000987;-23.718267;-46.623644;351380105000510;69.7167967516735
40;AVENIDA NOSSA SENHORA DOS NAVEGANTES ELDORADO;332.0;;eldorado;15152;110575793;AVENIDA NOSSA SENHORA DOS NAVEGANTES ELDORADO;332;CASA 2;eldorado;100.0;100.0;100.0;100.0;-23.717740;-46.624015;351380105000987;-23.718170;-46.623578;351380105000510;65.30963304749031
40;AVENIDA NOSSA SENHORA DOS NAVEGANTES ELDORADO;332.0;;eldorado;15373;110575794;AVENIDA NOSSA SENHORA DOS NAVEGANTES ELDORADO;332;CASA 7;eldorado;100.0;100.0;100.0;100.0;-23.717740;-46.624015;351380105000987;-23.718158;-46.623506;351380105000510;69.60914967610302
