idx_tratado;idx_bruto;endereco_tratado;endereco_bruto;endereco_tratado_normalizado;endereco_bruto_normalizado;sugestoes_top5_similares;similaridade;lat_tratado;long_tratado;lat_bruto;long_bruto;distancia_metros;cep_tratado;cep_bruto;cep_igual;setor_tratado;setor_bruto;setor_igual;pontuacao_total;nivel_confianca
0;39597;av antonio piranga 614 centro;avenida  antonio piranga 61 centro;avenida antonio piranga 614 centro;avenida  antonio piranga 61 centro;;98,50746268656717;-23.686369;-46.597689;-23.686363;-46.623730;2651,7045510760163;09911160;09911160;True;351380105000538;351380105000531;False;39,55223880597015;Baixa
1;50282;avenida antonio piranga 700 centro;avenida  antonio piranga 700 centro;avenida antonio piranga 700 centro;avenida  antonio piranga 700 centro;;100,0;-23.686098;-46.603650;-23.686248;-46.618424;1504,5373679307743;09911160;09911160;True;351380105000538;351380105000538;True;90,0;Alta
2;39597;av antonio piranga 614 centro;avenida  antonio piranga 61 centro;avenida antonio piranga 614 centro;avenida  antonio piranga 61 centro;;98,50746268656717;-23.686369;-46.612366;-23.686363;-46.623730;1157,1596221586467;09911160;09911160;True;351380105000538;351380105000531;False;39,55223880597015;Baixa
3;3541;rua dos cariris 195 piraporinha;rua  dos cariris 195 piraporinha;rua dos cariris 195 piraporinha;rua  dos cariris 195 piraporinha;;100,0;-23.689318;-46.623000;-23.689450;-46.584908;3878,7576337279165;09951420;09951420;True;351380105000161;351380105000161;True;90,0;Alta
4;70850;rua moaciar goulart cunha caldas 111 centro;rua  moacyr goulart cunha caldas 111 conceicao;rua moaciar goulart cunha caldas 111 centro;rua  moacyr goulart cunha caldas 111 conceicao;;86,36363636363636;-23.690741;-46.625979;-23.690625;-46.616203;995,4873910485641;09911450;09911450;True;351380105000461;351380105000461;True;85,9090909090909;Alta
5;160130;praca rui barbosa 27 piraporinha;praca  rui barbosa 27 piraporinha;praca rui barbosa 27 piraporinha;praca  rui barbosa 27 piraporinha;;100,0;-23.691040;-46.583043;-23.690702;-46.583124;38,46811709011387;09951530;09951540;False;351380105000161;351380105000161;True;89,23063765819772;Alta
6;43091;av nossa senhora dos navegantes 288 eldorado;avenida nossa senhora dos navegantes 289 eldorado;avenida nossa senhora dos navegantes 288 eldorado;avenida nossa senhora dos navegantes 289 eldorado;;97,95918367346938;-23.717483;-46.624054;-23.717613;-46.623849;25,37540811636155;09972260;09972260;True;351380105000987;351380105000636;False;48,88024693971359;Media
7;115200;rua capibaribe 193 jardim campanario;rua  capibaribe 193 campanario;rua capibaribe 193 jardim campanario;rua  capibaribe 193 campanario;;100,0;-23.670447;-46.623000;-23.670499;-46.619981;307,50949017263133;09930530;09930530;True;351380105000043;351380105000045;False;43,849810196547374;Media
8;30100;av piraporinha 1682 piraporinha;avenida  piraporinha 1682 piraporinha;avenida piraporinha 1682 piraporinha;avenida  piraporinha 1682 piraporinha;;100,0;-23.691897;-46.587164;-23.691713;-46.587132;20,717934567412666;09950000;09950000;True;351380105000162;351380105000162;True;99,58564130865174;Alta
9;74232;rua jose bonifacio 1641 serraria;rua  jose bonifacio 1641 serraria;rua jose bonifacio 1641 serraria;rua  jose bonifacio 1641 serraria;;100,0;-23.706553;-46.623000;-23.706971;-46.609694;1355,5043816570976;09980150;09980150;True;351380105000646;351380105000646;True;90,0;Alta
10;39595;rua tiradentes 100 centro;rua  tiradentes 100 centro;rua tiradentes 100 centro;rua  tiradentes 100 centro;;100,0;-23.686167;-46.616583;-23.686536;-46.616541;41,25816697398955;09911160;09911190;False;351380105000538;351380105000538;True;89,17483666052021;Alta
11;172305;rua mem de sa 280 jardim casa grande;rua  mem de sa 280 casa grande;rua mem de sa 280 jardim casa grande;rua  mem de sa 280 casa grande;;100,0;-23.699334;-46.591767;-23.699546;-46.591777;23,59593079535897;09961170;09961158;False;351380105000220;351380105000220;True;89,52808138409281;Alta
12;89141;avn sao jose 472 centro;avenida sao jose 472 centro;avenida sao jose 472 centro;avenida sao jose 472 centro;;100,0;-23.689086;-46.623000;-23.689076;-46.628291;538,7601356809207;09910380;09910380;True;351380105000998;351380105000880;False;40,0;Baixa
13;69982;rua serra de maracuja 49 parque reid;rua  serra de maracuja 49 centro;rua serra de maracuja 49 parque reid;rua  serra de maracuja 49 centro;;87,27272727272728;-23.676691;-46.623000;-23.676620;-46.626252;331,2622804379809;09920040;09920040;True;351380105000953;351380105000725;False;39,55657257305857;Media
14;162137;rua barao de iguape 98 vil sao jose;rua  iguape 98 taboao;rua barao de iguape 98 vil sao jose;rua  iguape 98 taboao;"rua  iguape 98 taboao (79); rua  iguape 98 taboao (79); rua  iguape 98 taboao (79); rua  iguape 98 taboao (79); rua barao de iguape 98 piraporinha (79)";78,78787878787878;-23.677685;-46.584901;-23.664945;-46.614370;3318,6893163969935;09950430;09932180;False;351380105000390;351380105000098;False;23,636363636363633;Incerto
15;27959;rua sebastiao fernandes tourinho 285 vil nogueira;rua  sebastiao fernandes tourinho 285 vila nogueira;rua sebastiao fernandes tourinho 285 vil nogueira;rua  sebastiao fernandes tourinho 285 vila nogueira;;98,98989898989899;-23.688413;-46.595485;-23.688354;-46.595600;13,395887138726726;09951040;09951040;True;351380105000394;351380105000394;True;99,42905195419516;Alta
16;165970;rua das ameixeiras 679 jd abc;rua  das ameixeiras 979 taboao;rua das ameixeiras 679 jardim abc;rua  das ameixeiras 979 taboao;"rua  das ameixeiras 979 taboao (81); rua  das ameixeiras 967 taboao (81); rua  das ameixeiras 1169 taboao (79); rua  das ameixeiras 941 taboao (77); rua  das ameixeiras 955 taboao (77)";80,64516129032258;-23.665401;-46.623000;-23.664706;-46.599807;2363,338166435965;09940400;09940400;True;351380105000101;351380105000102;False;34,19354838709677;Baixa
17;43122;rua 22 de abril 113 jd canhema;rua  sete de abril 64 canhema;rua 22 de abril 113 jardim canhema;rua  sete de abril 64 canhema;"rua  sete de abril 64 canhema (83); rua  sete de abril 84 canhema (83); rua  sete de abril 84 canhema (83); rua  sete de abril 98 canhema (83); rua  sete de abril 80 canhema (83)";83,33333333333333;-23.678010;-46.623000;-23.681764;-46.608505;1533,9533490304666;09941460;09941560;False;351380105000381;351380105000840;False;24,999999999999996;Incerto
18;99539;rua jose vicente 122 jd inamar;rua  jose vicente 122 inamar;rua jose vicente 122 jardim inamar;rua  jose vicente 122 inamar;;100,0;-23.717048;-46.613337;-23.717143;-46.613307;10,987551750560419;09973020;09973020;True;351380105000283;351380105000283;True;99,7802489649888;Alta
19;21410;rua javari 635 jd paineiras;rua  javari 635 taboao;rua javari 635 jardim paineiras;rua  javari 635 taboao;"rua  javari 635 taboao (80); rua  javari 0 taboao (69); rua  javari 0 taboao (69); rua  javari 0 taboao (69); rua  javari 0 taboao (69)";80,0;-23.664817;-46.616060;-23.664585;-46.617682;167,19404289428078;09932210;09932210;True;351380105000374;351380105000374;True;90,65611914211439;Alta
20;98493;av eldorado 817 jardim ruyce;avenida  eldorado 817 jardim ruyce;avenida eldorado 817 jardim ruyce;avenida  eldorado 817 jardim ruyce;;100,0;-23.710703;-46.606319;-23.710919;-46.600193;624,1926500460406;09961470;09961540;False;351380105000846;351380105000846;True;80,0;Alta
21;168293;rua odete amaral de oliveira 129 prq real;rua  odete amaral de oliveira 129 conceicao;rua odete amaral de oliveira 129 prq real;rua  odete amaral de oliveira 129 conceicao;;87,67123287671232;-23.693584;-46.623000;-23.693253;-46.623149;39,809808599774215;09990155;09990155;True;351380105000675;351380105000675;True;95,50517369101821;Alta
22;139970;rua prudente de morais 300 jardim casa grande;rua  prudente de morais 300 casa grande;rua prudente de morais 300 jardim casa grande;rua  prudente de morais 300 casa grande;;100,0;-23.695878;-46.623000;-23.695952;-46.599154;2428,018935096268;09960500;09960500;True;351380105000237;351380105000237;True;90,0;Alta
23;11343;av lico maia 803 serraria;avenida  lico maia 803 serraria;avenida lico maia 803 serraria;avenida  lico maia 803 serraria;;100,0;-23.699036;-46.623000;-23.699077;-46.610001;1323,5370550379791;09981420;09981030;False;351380105000466;351380105000466;True;80,0;Alta
24;64219;avn presidente juscelino 759 piraporinha;avenida presidente juscelino 875 piraporinha;avenida presidente juscelino 759 piraporinha;avenida presidente juscelino 875 piraporinha;;97,72727272727273;-23.683010;-46.623000;-23.682986;-46.588410;3522,310841203993;09950810;09950370;False;351380105000995;351380105000760;False;29,31818181818182;Incerto
25;25087;avenida sinesio pereira 27 campanario;avenida  synesio pereira 27 campanario;avenida sinesio pereira 27 campanario;avenida  synesio pereira 27 campanario;;97,29729729729729;-23.663797;-46.624089;-23.663601;-46.624510;48,11612800188388;09931375;09931375;True;351380105000064;351380105000064;True;98,22686662915152;Alta
26;13421;avenida afranio peixoto 643 vila paulina;avenida  afranio peixoto 0 eldorado;avenida afranio peixoto 643 vila paulina;avenida  afranio peixoto 0 eldorado;"avenida  afranio peixoto 0 eldorado (81); avenida  afranio peixoto 0 eldorado (81); avenida  afranio peixoto 0 eldorado (81); avenida  afranio peixoto 27 eldorado (79); avenida  afranio peixoto 89 eldorado (79)";80,7017543859649;-23.729499;-46.623000;-23.732198;-46.620250;410,40252783784985;09971360;09971360;True;351380105000940;351380105000632;False;36,00247575903247;Media
27;151049;rua italia 290 jardim das nacoes;rua  italia 290 taboao;rua italia 290 jardim das nacoes;rua  italia 290 taboao;"rua  italia 290 taboao (80); avenida  das nacoes 290 canhema (71); avenida  das nacoes 290 canhema (71); avenida  das nacoes 90 canhema (69); avenida  das nacoes 90 canhema (69)";80,0;-23.673751;-46.609739;-23.673847;-46.609518;24,90009663485707;09941030;09941030;True;351380105000119;351380105000119;True;93,50199806730285;Alta
28;16347;rua graciosa s/n centro;rua  graciosa 0 centro;rua graciosa s/n centro;rua  graciosa 0 centro;;95,0;-23.688461;-46.624156;-23.689491;-46.624510;120,08457512573703;09910660;09910660;True;351380105000531;351380105000526;False;46,09830849748526;Media
29;131520;rua caramuru 1255 vl conceicao;rua  caramuru 1255 conceicao;rua caramuru 1255 vila conceicao;rua  caramuru 1255 conceicao;;100,0;-23.691191;-46.610021;-23.691294;-46.609601;44,22424179161061;09911510;09911510;True;351380105000350;351380105000350;True;99,11551516416779;Alta
30;87427;rua manoel da nobrega 605 vl conceicao;rua  manoel da nobrega 0 conceicao;rua manoel da nobrega 605 vila conceicao;rua  manoel da nobrega 0 conceicao;;96,875;-23.690327;-46.623089;-23.696836;-46.627956;877,1643069427856;09910720;09910720;True;351380105000528;351380105000889;False;39,0625;Baixa
31;50282;avenida antonio piranga 700 centro;avenida  antonio piranga 700 centro;avenida antonio piranga 700 centro;avenida  antonio piranga 700 centro;;100,0;-23.686120;-46.617233;-23.686248;-46.618424;122,15363448754529;09911160;09911160;True;351380105000538;351380105000538;True;97,5569273102491;Alta
32;67716;rua nelson rodrigues 191 vl conceicao;rua  nelson rodrigues 191 conceicao;rua nelson rodrigues 191 vila conceicao;rua  nelson rodrigues 191 conceicao;;100,0;-23.692654;-46.618090;-23.692549;-46.617933;19,76294397292548;09911440;09911440;True;351380105000343;351380105000343;True;99,60474112054149;Alta
33;112213;rua santo amaro 92 centro;rua santo amaro 92 centro;rua santo amaro 92 centro;rua santo amaro 92 centro;;100,0;-23.683663;-46.623000;-23.683683;-46.632346;951,7035998150119;09913090;09913090;True;351380105000015;351380105000015;True;90,0;Alta
34;102803;rua coimbra 760 centro;rua  coimbra 70 centro;rua coimbra 760 centro;rua  coimbra 70 centro;;97,67441860465117;-23.697643;-46.629555;-23.692726;-46.630752;560,1735468114827;09910120;09910120;True;351380105000356;351380105000775;False;39,30232558139535;Baixa
35;51832;rua bororos 80 conceicao;rua  bororos 480 conceicao;rua bororos 80 conceicao;rua  bororos 480 conceicao;;97,95918367346938;-23.700026;-46.615349;-23.698266;-46.615158;196,66996154989675;09990270;09990270;True;351380105000331;351380105000329;False;45,45435587104288;Media
36;61402;avenida antonio piranga 556 centro;avenida  antonio piranga 556 centro;avenida antonio piranga 556 centro;avenida  antonio piranga 556 centro;;100,0;-23.686446;-46.620974;-23.686288;-46.618993;202,48423700865007;09990000;09911160;False;351380105000538;351380105000538;True;85,950315259827;Alta
37;21410;rua javari 635 jardim paineiras;rua  javari 635 taboao;rua javari 635 jardim paineiras;rua  javari 635 taboao;"rua  javari 635 taboao (80); rua  javari 0 taboao (69); rua  javari 0 taboao (69); rua  javari 0 taboao (69); rua  javari 0 taboao (69)";80,0;-23.664802;-46.616060;-23.664585;-46.617682;166,94483361508824;09932210;09932210;True;351380105000374;351380105000374;True;90,66110332769824;Alta
38;28001;rua sao jorge 98 centro;rua sao jorge 98 centro;rua sao jorge 98 centro;rua sao jorge 98 centro;;100,0;-23.685945;-46.626031;-23.686088;-46.626424;43,08061037133803;09911070;09911070;True;351380105000002;351380105000002;True;99,13838779257324;Alta
39;61402;antonio piranga 556 centro;avenida  antonio piranga 556 centro;antonio piranga 556 centro;avenida  antonio piranga 556 centro;;100,0;-23.686447;-46.618944;-23.686288;-46.618993;18,37582108211386;09911160;09911160;True;351380105000538;351380105000538;True;99,63248357835772;Alta
40;938;avenida nossa senhora dos navegantes 332 eldorado;avenida nossa senhora dos navegantes 332 eldorado;avenida nossa senhora dos navegantes 332 eldorado;avenida nossa senhora dos navegantes 332 eldorado;;100,0;-23.717740;-46.625165;-23.717684;-46.623864;132,61261659978786;09972260;09972260;True;351380105000987;351380105000510;False;47,347747668004246;Media
