"idx_df1","endereco_df1","numero_df1","complemento_df1","bairro_df1","idx_df2","cod_unico_df2","endereco_df2","numero_df2","complemento_df2","bairro_df2","similaridade_logradouro","similaridade_numero","similaridade_bairro","similaridade_final","latitude_verdadeira","longitude_verdadeira","cd_setor_verdadeiro","latitude_resultante","longitude_resultante","cd_setor_resultante","med_lat","med_lon","dist_mediana","desvio_metros","rn","distancia_metros_setor","setor_correspondente","setor_vizinho_verdadeiro"
0,"AV ANTONIO PIRANGA CENTRO","614.0","3 ANDAR","centro",51302,"49219192","AVENIDA  ANTONIO PIRANGA CENTRO","596",NULL,"centro","100.0","97.07","100.0","99.41","-23.686369","-46.618495","351380105000538","-23.68627","-46.618669","351380105000538","-23.68627","-46.618669","0","20.85934001","1","0",True,NULL
1,"AVENIDA ANTONIO PIRANGA CENTRO","700.0","2 ANDAR","centro",50282,"49219193","AVENIDA  ANTONIO PIRANGA CENTRO","700",NULL,"centro","100.0","100.0","100.0","100.0","-23.686098","-46.617136","351380105000538","-23.686248","-46.618424","351380105000538","-23.686248","-46.618424","0","132.21072973","1","0",True,NULL
2,"AV ANTONIO PIRANGA CENTRO","614.0","2 ANDAR","centro",51302,"49219192","AVENIDA  ANTONIO PIRANGA CENTRO","596",NULL,"centro","100.0","97.07","100.0","99.41","-23.686369","-46.618495","351380105000538","-23.68627","-46.618669","351380105000538","-23.68627","-46.618669","0","20.85934001","1","0",True,NULL
3,"RUA DOS CARIRIS PIRAPORINHA","195.0",NULL,"piraporinha",3610,"49343814","RUA  DOS CARIRIS PIRAPORINHA","195",NULL,"piraporinha","100.0","100.0","100.0","100.0","-23.689318","-46.585102","351380105000161","-23.69081","-46.58465","351380105000161","-23.69013","-46.584779","76.74510759","172.16885097","1","0",True,NULL
4,"RUA MOACIAR GOULART CUNHA CALDAS CENTRO","111.0",NULL,"centro",26580,"49426722","RUA  MOACYR GOULART CUNHA CALDAS CONCEICAO","112",NULL,"conceicao","94.55","99.11","40.0","90.0","-23.690741","-46.616207","351380105000461","-23.690714","-46.61637","351380105000461","-23.690714","-46.61637","0","16.86672984","1","0",True,NULL
5,"PRACA RUI BARBOSA PIRAPORINHA","27.0",NULL,"piraporinha",160130,"49344051","PRACA  RUI BARBOSA PIRAPORINHA","27",NULL,"piraporinha","100.0","100.0","100.0","100.0","-23.69104","-46.583043","351380105000161","-23.690702","-46.583124","351380105000161","-23.690702","-46.583124","0","38.47827948","1","0",True,NULL
6,"AV NOSSA SENHORA DOS NAVEGANTES ELDORADO","288.0",NULL,"eldorado",43091,"49371418","AVENIDA NOSSA SENHORA DOS NAVEGANTES ELDORADO","289",NULL,"eldorado","100.0","99.65","100.0","99.93","-23.717483","-46.624198","351380105000987","-23.717613","-46.623849","351380105000636","-23.717613","-46.623849","0","38.35748663","1","0",False,True
7,"RUA CAPIBARIBE JARDIM CAMPANARIO","193.0",NULL,"jardim campanario",115200,"49231842","RUA  CAPIBARIBE CAMPANARIO","193",NULL,"campanario","100.0","100.0","100.0","100.0","-23.670447","-46.620124","351380105000043","-23.670499","-46.619981","351380105000045","-23.670499","-46.619981","0","15.66902887","1","0",False,True
8,"AV PIRAPORINHA PIRAPORINHA","1682.0",NULL,"piraporinha",30100,"49344461","AVENIDA  PIRAPORINHA PIRAPORINHA","1682",NULL,"piraporinha","100.0","100.0","100.0","100.0","-23.691897","-46.587164","351380105000162","-23.691713","-46.587132","351380105000162","-23.691713","-46.587132","0","20.71772578","1","0",True,NULL
9,"RUA JOSE BONIFACIO SERRARIA","1641.0",NULL,"serraria",40021,"49420452","RUA  JOSE BONIFACIO SERRARIA","1390","FUNDOS 1","serraria","100.0","84.7","100.0","96.94","-23.706553","-46.609089","351380105000646","-23.705063","-46.61075","351380105000433","-23.705063","-46.6107755","2.59623724","236.74574381","1","0",False,True
10,"RUA TIRADENTES CENTRO","100.0",NULL,"centro",39595,"49219194","RUA  TIRADENTES CENTRO","100",NULL,"centro","100.0","100.0","100.0","100.0","-23.686167","-46.616583","351380105000538","-23.686536","-46.616541","351380105000538","-23.686536","-46.616541","0","41.25327176","1","0",True,NULL
11,"RUA MEM DE SA JARDIM CASA GRANDE","280.0",NULL,"jardim casa grande",162216,"49356944","RUA  MEM DE SA CASA GRANDE","285","FRENTE","casa grande","100.0","98.25","100.0","99.65","-23.699334","-46.591767","351380105000220","-23.699361","-46.591791","351380105000209","-23.699361","-46.591791","0","3.87103453","1","0",False,True
12,"AVN SAO JOSE CENTRO","472.0",NULL,"centro",43372,"224196991","AVENIDA SAO JOSE CENTRO","481","FRENTE","centro","100.0","98.13","100.0","99.63","-23.689086","-46.62839","351380105000998","-23.68942","-46.628359","351380105000012","-23.689419","-46.628405","4.68528931","37.27306038","1","7.3773853",False,NULL
13,"RUA SERRA DE MARACUJA PARQUE REID","49.0",NULL,"parque reid",69982,"49223975","RUA  SERRA DE MARACUJA CENTRO","49",NULL,"centro","100.0","100.0","23.53","92.35","-23.676691","-46.626631","351380105000953","-23.67662","-46.626252","351380105000725","-23.67662","-46.626252","0","39.39479169","1","0",False,NULL
14,"RUA BARAO DE IGUAPE VIL SAO JOSE","98.0",NULL,"vila sao jose",15269,"49408491","RUA BARAO DE IGUAPE PIRAPORINHA","98",NULL,"piraporinha","100.0","100.0","33.33","93.33","-23.677685","-46.584106","351380105000390","-23.677487","-46.583598","351380105000390","-23.677487","-46.583598","0","56.22216604","1","0",True,NULL
15,"RUA SEBASTIAO FERNANDES TOURINHO VIL NOGUEIRA","285.0",NULL,"vila nogueira",26719,"49409956","RUA  SEBASTIAO FERNANDES TOURINHO VILA NOGUEIRA","299","FUNDOS","vila nogueira","100.0","95.32","100.0","99.06","-23.688413","-46.595611","351380105000394","-23.68827","-46.595684","351380105000394","-23.68827","-46.595684","0","17.55257006","1","0",True,NULL
16,"RUA DAS AMEIXEIRAS JD ABC","679.0",NULL,"jardim abc",19643,"49302625","AVENIDA  DAS AMEIXEIRAS TABOAO","597",NULL,"taboao","100.0","87.92","37.5","91.33","-23.665401","-46.602332","351380105000101","-23.665867","-46.60311","351380105000590","-23.665867","-46.60311","0","94.67372608","1","32.22845065",False,True
17,"RUA 22 DE ABRIL JD CANHEMA","113.0",NULL,"jardim canhema",179101,"224613910","RUA  VINTE E DOIS DE ABRIL CANHEMA","102","CASA 2","canhema","100.0","90.27","100.0","98.05","-23.67801","-46.604824","351380105000381","-23.677738","-46.603947","351380105000381","-23.677738","-46.603947","0","94.29116721","1","0",True,NULL
18,"RUA JOSE VICENTE JD INAMAR","122.0",NULL,"jardim inamar",64177,"97194345","RUA  JOSE VICENTE INAMAR","153",NULL,"inamar","100.0","79.74","100.0","95.95","-23.717048","-46.613337","351380105000283","-23.71738","-46.61337","351380105000886","-23.71738","-46.61337","0","37.06931406","1","1.04435141",False,True
19,"RUA JAVARI JD PAINEIRAS","635.0",NULL,"jardim paineiras",21410,"199951524","RUA  JAVARI TABOAO","635",NULL,"taboao","100.0","100.0","18.18","91.82","-23.664817","-46.617645","351380105000374","-23.664585","-46.617682","351380105000374","-23.664585","-46.617682","0","26.07102378","1","0",True,NULL
20,"AV ELDORADO JARDIM RUYCE","817.0",NULL,"jardim ruyce",98493,"49360155","AVENIDA  ELDORADO JARDIM RUYCE","817",NULL,"jardim ruyce","100.0","100.0","100.0","100.0","-23.710703","-46.599918","351380105000846","-23.710919","-46.600193","351380105000846","-23.710919","-46.600193","0","36.8880132","1","0",True,NULL
21,"RUA ODETE AMARAL DE OLIVEIRA PRQ REAL","129.0",NULL,"parque real",168293,"49396454","RUA  ODETE AMARAL DE OLIVEIRA CONCEICAO","129",NULL,"conceicao","100.0","100.0","20.0","92.0","-23.693584","-46.622844","351380105000675","-23.693253","-46.623149","351380105000675","-23.693253","-46.623149","0","48.15717031","1","0",True,NULL
22,"RUA PRUDENTE DE MORAIS JARDIM CASA GRANDE","300.0",NULL,"jardim casa grande",80538,"49363530","RUA  PRUDENTE DE MORAIS CASA GRANDE","384",NULL,"casa grande","100.0","78.12","100.0","95.62","-23.695878","-46.599147","351380105000237","-23.695485","-46.600048","351380105000235","-23.695485","-46.600048","0","101.61665839","1","9.02530593",False,True
23,"AV LICO MAIA SERRARIA","803.0",NULL,"serraria",11343,"49428430","AVENIDA  LICO MAIA SERRARIA","803",NULL,"serraria","100.0","100.0","100.0","100.0","-23.699036","-46.610028","351380105000466","-23.699077","-46.610001","351380105000466","-23.699077","-46.610001","0","5.32371354","1","0",True,NULL
24,"AVN PRESIDENTE JUSCELINO PIRAPORINHA","759.0",NULL,"piraporinha",27,"200708064","AVENIDA PRESIDENTE JUSCELINO PIRAPORINHA","330","BLOCO C","piraporinha","100.0","43.48","100.0","88.7","-23.68301","-46.589364","351380105000995","-23.682209","-46.592938","351380105000913","-23.682157500000002","-46.592838","11.68285072","374.68322753","1","65.98518197",False,True
25,"AVENIDA SINESIO PEREIRA CAMPANARIO","27.0",NULL,"campanario",25087,"200897118","AVENIDA  SYNESIO PEREIRA CAMPANARIO","27",NULL,"campanario","93.33","100.0","100.0","95.33","-23.663797","-46.624519","351380105000064","-23.663601","-46.62451","351380105000064","-23.663601","-46.62451","0","21.81350222","1","0",True,NULL
26,"AVENIDA AFRANIO PEIXOTO VILA PAULINA","643.0",NULL,"vila paulina",58365,"97192636","AVENIDA  AFRANIO PEIXOTO ELDORADO","541","SOBRADO","eldorado","100.0","84.14","20.0","88.83","-23.729499","-46.616013","351380105000940","-23.729916","-46.617195","351380105000632","-23.729916","-46.617195","0","128.94589878","1","80.35788512",False,True
27,"RUA ITALIA JARDIM DAS NACOES","290.0",NULL,"jardim das nacoes",79339,"49295886","RUA  ITALIA TABOAO","291","CASA 2","taboao","100.0","99.66","26.09","92.54","-23.673751","-46.609552","351380105000119","-23.673853","-46.609667","351380105000078","-23.673831","-46.609660000000005","2.54804179","16.30318266","1","3.00539571",False,True
28,"RUA GRACIOSA CENTRO",NULL,NULL,"centro",65511,"50151316","RUA  GRACIOSA CENTRO","241",NULL,"centro","100.0","0.0","100.0","80.0","-23.688461","-46.624804","351380105000531","-23.689987","-46.624381","351380105000526","-23.690008","-46.624318","6.82675336","175.06504894","1","147.48137471",False,True
29,"RUA CARAMURU VL CONCEICAO","1255.0",NULL,"vila conceicao",36283,"49398148","RUA  CARAMURU CONCEICAO","1264",NULL,"conceicao","100.0","99.29","100.0","99.86","-23.691191","-46.610021","351380105000350","-23.691414","-46.609824","351380105000351","-23.691414","-46.609824","0","31.89424497","1","8.88906009",False,True
30,"RUA MANOEL DA NOBREGA VL CONCEICAO","605.0",NULL,"vila conceicao",2593,"199934843","RUA  MANOEL DA NOBREGA CENTRO","350",NULL,"centro","100.0","57.85","30.0","84.57","-23.690327","-46.622732","351380105000528","-23.686723","-46.620786","351380105000010","-23.686731","-46.620786","0.88956064","447.06048383","1","354.48530912",False,False
31,"AVENIDA ANTONIO PIRANGA CENTRO","700.0",NULL,"centro",50282,"49219193","AVENIDA  ANTONIO PIRANGA CENTRO","700",NULL,"centro","100.0","100.0","100.0","100.0","-23.68612","-46.617233","351380105000538","-23.686248","-46.618424","351380105000538","-23.686248","-46.618424","0","122.10941606","1","0",True,NULL
32,"RUA NELSON RODRIGUES VL CONCEICAO","191.0",NULL,"vila conceicao",67716,"49396891","RUA  NELSON RODRIGUES CONCEICAO","191","FRENTE","conceicao","100.0","100.0","100.0","100.0","-23.692654","-46.617952","351380105000343","-23.692549","-46.617933","351380105000343","-23.692549","-46.617933","0","11.83468328","1","0",True,NULL
33,"RUA SANTO AMARO CENTRO","92.0",NULL,"centro",112213,"97188507","RUA SANTO AMARO CENTRO","92",NULL,"centro","100.0","100.0","100.0","100.0","-23.683663","-46.632286","351380105000015","-23.683683","-46.632346","351380105000015","-23.683683","-46.632346","0","6.50194788","1","0",True,NULL
34,"RUA COIMBRA CENTRO","760.0",NULL,"centro",43728,"49431198","RUA  COIMBRA CENTRO","763",NULL,"centro","100.0","99.61","100.0","99.92","-23.697643","-46.62878","351380105000356","-23.697554","-46.628848","351380105000477","-23.697554","-46.628848","0","12.07789465","1","0",False,True
35,"RUA BOROROS CONCEICAO","80.0",NULL,"conceicao",52733,"219077816","RUA  BOROROS CONCEICAO","48","GARAGEM 1GARAGEM UBS","conceicao","100.0","60.0","100.0","92.0","-23.700026","-46.618561","351380105000331","-23.700079","-46.619106","351380105000329","-23.6991795","-46.6171085","226.64416208","55.80241096","1","5.58155974",False,False
36,"AVENIDA ANTONIO PIRANGA CENTRO","556.0",NULL,"centro",61402,"49219183","AVENIDA  ANTONIO PIRANGA CENTRO","556","ENTRADA","centro","100.0","100.0","100.0","100.0","-23.686446","-46.618944","351380105000538","-23.686288","-46.618993","351380105000538","-23.686288","-46.618993","0","18.26360484","1","0",True,NULL
37,"RUA JAVARI JARDIM PAINEIRAS","635.0",NULL,"jardim paineiras",21410,"199951524","RUA  JAVARI TABOAO","635",NULL,"taboao","100.0","100.0","18.18","91.82","-23.664802","-46.617645","351380105000374","-23.664585","-46.617682","351380105000374","-23.664585","-46.617682","0","24.42180202","1","0",True,NULL
38,"RUA SAO JORGE CENTRO","98.0",NULL,"centro",28001,"50151585","RUA SAO JORGE CENTRO","98",NULL,"centro","100.0","100.0","100.0","100.0","-23.685945","-46.626568","351380105000002","-23.686088","-46.626424","351380105000002","-23.686088","-46.626424","0","21.62982241","1","0",True,NULL
39,"ANTONIO PIRANGA CENTRO","556.0",NULL,"centro",61402,"49219183","AVENIDA  ANTONIO PIRANGA CENTRO","556","ENTRADA","centro","100.0","100.0","100.0","100.0","-23.686447","-46.618944","351380105000538","-23.686288","-46.618993","351380105000538","-23.686288","-46.618993","0","18.37059496","1","0",True,NULL
40,"AVENIDA NOSSA SENHORA DOS NAVEGANTES ELDORADO","332.0",NULL,"eldorado",12274,"200917641","AVENIDA NOSSA SENHORA DOS NAVEGANTES ELDORADO","332",NULL,"eldorado","100.0","100.0","100.0","100.0","-23.71774","-46.624015","351380105000987","-23.718153","-46.623604","351380105000510","-23.718158","-46.623604","0.5559754","62.12609758","1","0",False,NULL
