idx_df1;endereco_df1;numero_df1;idx_df2;endereco_df2;numero_df2;similaridade_texto;similaridade_numero;similaridade_final;sugestoes_topN;similaridade
0;AV ANTONIO PIRANGA CENTRO;614,0;107930;AVENIDA  ANTONIO PIRANGA CENTRO;615;100,0;82,08;99,98;"AVENIDA  ANTONIO PIRANGA CENTRO 615 | Similaridade Texto: 100 | Similaridade Numero: 100 | Score Final: 100; AVENIDA  ANTONIO PIRANGA CENTRO 631 | Similaridade Texto: 100 | Similaridade Numero: 97 | Score Final: 100; AVENIDA  ANTONIO PIRANGA CENTRO 596 | Similaridade Texto: 100 | Similaridade Numero: 97 | Score Final: 100; AVENIDA  ANTONIO PIRANGA CENTRO 595 | Similaridade Texto: 100 | Similaridade Numero: 97 | Score Final: 100; AVENIDA  ANTONIO PIRANGA CENTRO 641 | Similaridade Texto: 100 | Similaridade Numero: 96 | Score Final: 100; AVENIDA  ANTONIO PIRANGA CENTRO 588 | Similaridade Texto: 100 | Similaridade Numero: 96 | Score Final: 100; AVENIDA  ANTONIO PIRANGA CENTRO 583 | Similaridade Texto: 100 | Similaridade Numero: 95 | Score Final: 99; AVENIDA  ANTONIO PIRANGA CENTRO 578 | Similaridade Texto: 100 | Similaridade Numero: 94 | Score Final: 99; AVENIDA  ANTONIO PIRANGA CENTRO 655 | Similaridade Texto: 100 | Similaridade Numero: 94 | Score Final: 99; AVENIDA  ANTONIO PIRANGA CENTRO 556 | Similaridade Texto: 100 | Similaridade Numero: 91 | Score Final: 99; AVENIDA  ANTONIO PIRANGA CENTRO 540 | Similaridade Texto: 100 | Similaridade Numero: 88 | Score Final: 99; AVENIDA  ANTONIO PIRANGA CENTRO 700 | Similaridade Texto: 100 | Similaridade Numero: 88 | Score Final: 99; AVENIDA  ANTONIO PIRANGA CENTRO 703 | Similaridade Texto: 100 | Similaridade Numero: 87 | Score Final: 99; AVENIDA  ANTONIO PIRANGA CENTRO 520 | Similaridade Texto: 100 | Similaridade Numero: 85 | Score Final: 98; AVENIDA  ANTONIO PIRANGA CENTRO 520 | Similaridade Texto: 100 | Similaridade Numero: 85 | Score Final: 98; AVENIDA  ANTONIO PIRANGA CENTRO 516 | Similaridade Texto: 100 | Similaridade Numero: 84 | Score Final: 98; AVENIDA  ANTONIO PIRANGA CENTRO 506 | Similaridade Texto: 100 | Similaridade Numero: 82 | Score Final: 98; AVENIDA  ANTONIO PIRANGA CENTRO 506 | Similaridade Texto: 100 | Similaridade Numero: 82 | Score Final: 98; AVENIDA  ANTONIO PIRANGA CENTRO 504 | Similaridade Texto: 100 | Similaridade Numero: 82 | Score Final: 98; AVENIDA  ANTONIO PIRANGA CENTRO 504 | Similaridade Texto: 100 | Similaridade Numero: 82 | Score Final: 98";99,98
1;AVENIDA ANTONIO PIRANGA CENTRO;700,0;50282;AVENIDA  ANTONIO PIRANGA CENTRO;700;100,0;73,71;100,0;"AVENIDA  ANTONIO PIRANGA CENTRO 700 | Similaridade Texto: 100 | Similaridade Numero: 100 | Score Final: 100; AVENIDA  ANTONIO PIRANGA CENTRO 703 | Similaridade Texto: 100 | Similaridade Numero: 100 | Score Final: 100; AVENIDA  ANTONIO PIRANGA CENTRO 655 | Similaridade Texto: 100 | Similaridade Numero: 94 | Score Final: 99; AVENIDA  ANTONIO PIRANGA CENTRO 641 | Similaridade Texto: 100 | Similaridade Numero: 92 | Score Final: 99; AVENIDA  ANTONIO PIRANGA CENTRO 631 | Similaridade Texto: 100 | Similaridade Numero: 90 | Score Final: 99; AVENIDA  ANTONIO PIRANGA CENTRO 615 | Similaridade Texto: 100 | Similaridade Numero: 88 | Score Final: 99; AVENIDA  ANTONIO PIRANGA CENTRO 596 | Similaridade Texto: 100 | Similaridade Numero: 85 | Score Final: 99; AVENIDA  ANTONIO PIRANGA CENTRO 595 | Similaridade Texto: 100 | Similaridade Numero: 85 | Score Final: 98; AVENIDA  ANTONIO PIRANGA CENTRO 588 | Similaridade Texto: 100 | Similaridade Numero: 84 | Score Final: 98; AVENIDA  ANTONIO PIRANGA CENTRO 583 | Similaridade Texto: 100 | Similaridade Numero: 83 | Score Final: 98; AVENIDA  ANTONIO PIRANGA CENTRO 841 | Similaridade Texto: 100 | Similaridade Numero: 83 | Score Final: 98; AVENIDA  ANTONIO PIRANGA CENTRO 847 | Similaridade Texto: 100 | Similaridade Numero: 83 | Score Final: 98; AVENIDA  ANTONIO PIRANGA CENTRO 578 | Similaridade Texto: 100 | Similaridade Numero: 83 | Score Final: 98; AVENIDA  ANTONIO PIRANGA CENTRO 877 | Similaridade Texto: 100 | Similaridade Numero: 80 | Score Final: 98; AVENIDA  ANTONIO PIRANGA CENTRO 556 | Similaridade Texto: 100 | Similaridade Numero: 79 | Score Final: 98; AVENIDA  ANTONIO PIRANGA CENTRO 887 | Similaridade Texto: 100 | Similaridade Numero: 79 | Score Final: 98; AVENIDA  ANTONIO PIRANGA CENTRO 540 | Similaridade Texto: 100 | Similaridade Numero: 77 | Score Final: 98; AVENIDA  ANTONIO PIRANGA CENTRO 520 | Similaridade Texto: 100 | Similaridade Numero: 74 | Score Final: 97; AVENIDA  ANTONIO PIRANGA CENTRO 520 | Similaridade Texto: 100 | Similaridade Numero: 74 | Score Final: 97; AVENIDA  ANTONIO PIRANGA CENTRO 516 | Similaridade Texto: 100 | Similaridade Numero: 74 | Score Final: 97";100,0
2;AV ANTONIO PIRANGA CENTRO;614,0;107930;AVENIDA  ANTONIO PIRANGA CENTRO;615;100,0;82,08;99,98;"AVENIDA  ANTONIO PIRANGA CENTRO 615 | Similaridade Texto: 100 | Similaridade Numero: 100 | Score Final: 100; AVENIDA  ANTONIO PIRANGA CENTRO 631 | Similaridade Texto: 100 | Similaridade Numero: 97 | Score Final: 100; AVENIDA  ANTONIO PIRANGA CENTRO 596 | Similaridade Texto: 100 | Similaridade Numero: 97 | Score Final: 100; AVENIDA  ANTONIO PIRANGA CENTRO 595 | Similaridade Texto: 100 | Similaridade Numero: 97 | Score Final: 100; AVENIDA  ANTONIO PIRANGA CENTRO 641 | Similaridade Texto: 100 | Similaridade Numero: 96 | Score Final: 100; AVENIDA  ANTONIO PIRANGA CENTRO 588 | Similaridade Texto: 100 | Similaridade Numero: 96 | Score Final: 100; AVENIDA  ANTONIO PIRANGA CENTRO 583 | Similaridade Texto: 100 | Similaridade Numero: 95 | Score Final: 99; AVENIDA  ANTONIO PIRANGA CENTRO 578 | Similaridade Texto: 100 | Similaridade Numero: 94 | Score Final: 99; AVENIDA  ANTONIO PIRANGA CENTRO 655 | Similaridade Texto: 100 | Similaridade Numero: 94 | Score Final: 99; AVENIDA  ANTONIO PIRANGA CENTRO 556 | Similaridade Texto: 100 | Similaridade Numero: 91 | Score Final: 99; AVENIDA  ANTONIO PIRANGA CENTRO 540 | Similaridade Texto: 100 | Similaridade Numero: 88 | Score Final: 99; AVENIDA  ANTONIO PIRANGA CENTRO 700 | Similaridade Texto: 100 | Similaridade Numero: 88 | Score Final: 99; AVENIDA  ANTONIO PIRANGA CENTRO 703 | Similaridade Texto: 100 | Similaridade Numero: 87 | Score Final: 99; AVENIDA  ANTONIO PIRANGA CENTRO 520 | Similaridade Texto: 100 | Similaridade Numero: 85 | Score Final: 98; AVENIDA  ANTONIO PIRANGA CENTRO 520 | Similaridade Texto: 100 | Similaridade Numero: 85 | Score Final: 98; AVENIDA  ANTONIO PIRANGA CENTRO 516 | Similaridade Texto: 100 | Similaridade Numero: 84 | Score Final: 98; AVENIDA  ANTONIO PIRANGA CENTRO 506 | Similaridade Texto: 100 | Similaridade Numero: 82 | Score Final: 98; AVENIDA  ANTONIO PIRANGA CENTRO 506 | Similaridade Texto: 100 | Similaridade Numero: 82 | Score Final: 98; AVENIDA  ANTONIO PIRANGA CENTRO 504 | Similaridade Texto: 100 | Similaridade Numero: 82 | Score Final: 98; AVENIDA  ANTONIO PIRANGA CENTRO 504 | Similaridade Texto: 100 | Similaridade Numero: 82 | Score Final: 98";99,98
3;RUA DOS CARIRIS PIRAPORINHA;195,0;3541;RUA  DOS CARIRIS PIRAPORINHA;195;100,0;82,63;100,0;"RUA  DOS CARIRIS PIRAPORINHA 195 | Similaridade Texto: 100 | Similaridade Numero: 100 | Score Final: 100; RUA  DOS CARIRIS PIRAPORINHA 195 | Similaridade Texto: 100 | Similaridade Numero: 100 | Score Final: 100; RUA  DOS CARIRIS PIRAPORINHA 194 | Similaridade Texto: 100 | Similaridade Numero: 99 | Score Final: 100; RUA  DOS CARIRIS PIRAPORINHA 194 | Similaridade Texto: 100 | Similaridade Numero: 99 | Score Final: 100; RUA  DOS CARIRIS PIRAPORINHA 194 | Similaridade Texto: 100 | Similaridade Numero: 99 | Score Final: 100; RUA  DOS CARIRIS PIRAPORINHA 194 | Similaridade Texto: 100 | Similaridade Numero: 99 | Score Final: 100; RUA  DOS CARIRIS PIRAPORINHA 194 | Similaridade Texto: 100 | Similaridade Numero: 99 | Score Final: 100; RUA  DOS CARIRIS PIRAPORINHA 202 | Similaridade Texto: 100 | Similaridade Numero: 97 | Score Final: 100; RUA  DOS CARIRIS PIRAPORINHA 206 | Similaridade Texto: 100 | Similaridade Numero: 95 | Score Final: 99; RUA  DOS CARIRIS PIRAPORINHA 210 | Similaridade Texto: 100 | Similaridade Numero: 93 | Score Final: 99; RUA  DOS CARIRIS PIRAPORINHA 214 | Similaridade Texto: 100 | Similaridade Numero: 91 | Score Final: 99; RUA  DOS CARIRIS PIRAPORINHA 222 | Similaridade Texto: 100 | Similaridade Numero: 88 | Score Final: 99; AVENIDA  PIRAPORINHA PIRAPORINHA 169 | Similaridade Texto: 100 | Similaridade Numero: 87 | Score Final: 99; RUA  DOS CARIRIS PIRAPORINHA 226 | Similaridade Texto: 100 | Similaridade Numero: 86 | Score Final: 99; RUA  DOS CARIRIS PIRAPORINHA 226 | Similaridade Texto: 100 | Similaridade Numero: 86 | Score Final: 99; RUA  DOS CARIRIS PIRAPORINHA 230 | Similaridade Texto: 100 | Similaridade Numero: 85 | Score Final: 98; RUA  DOS CARIRIS PIRAPORINHA 230 | Similaridade Texto: 100 | Similaridade Numero: 85 | Score Final: 98; RUA  DOS CARIRIS PIRAPORINHA 230 | Similaridade Texto: 100 | Similaridade Numero: 85 | Score Final: 98; RUA  DOS CARIRIS PIRAPORINHA 236 | Similaridade Texto: 100 | Similaridade Numero: 83 | Score Final: 98; RUA  DOS CARIRIS PIRAPORINHA 236 | Similaridade Texto: 100 | Similaridade Numero: 83 | Score Final: 98";100,0
4;RUA MOACIAR GOULART CUNHA CALDAS CENTRO;111,0;70850;RUA  MOACYR GOULART CUNHA CALDAS CONCEICAO;111;83,33;72,97;85,0;"RUA  MOACYR GOULART CUNHA CALDAS CONCEICAO 111 | Similaridade Texto: 83 | Similaridade Numero: 100 | Score Final: 85; RUA  MOACYR GOULART CUNHA CALDAS CONCEICAO 112 | Similaridade Texto: 83 | Similaridade Numero: 99 | Score Final: 85; RUA  MOACYR GOULART CUNHA CALDAS CONCEICAO 109 | Similaridade Texto: 83 | Similaridade Numero: 98 | Score Final: 85; RUA  MOACYR GOULART CUNHA CALDAS CONCEICAO 108 | Similaridade Texto: 83 | Similaridade Numero: 97 | Score Final: 85; RUA  MOACYR GOULART CUNHA CALDAS CONCEICAO 118 | Similaridade Texto: 83 | Similaridade Numero: 94 | Score Final: 84; RUA  MOACYR GOULART CUNHA CALDAS CONCEICAO 121 | Similaridade Texto: 83 | Similaridade Numero: 92 | Score Final: 84; RUA  MOACYR GOULART CUNHA CALDAS CONCEICAO 121 | Similaridade Texto: 83 | Similaridade Numero: 92 | Score Final: 84; RUA  MOACYR GOULART CUNHA CALDAS CONCEICAO 101 | Similaridade Texto: 83 | Similaridade Numero: 91 | Score Final: 84; RUA  MOACYR GOULART CUNHA CALDAS CONCEICAO 122 | Similaridade Texto: 83 | Similaridade Numero: 91 | Score Final: 84; RUA  MOACYR GOULART CUNHA CALDAS CONCEICAO 100 | Similaridade Texto: 83 | Similaridade Numero: 90 | Score Final: 84; RUA  MOACYR GOULART CUNHA CALDAS CONCEICAO 125 | Similaridade Texto: 83 | Similaridade Numero: 89 | Score Final: 84; RUA  MOACYR GOULART CUNHA CALDAS CONCEICAO 128 | Similaridade Texto: 83 | Similaridade Numero: 87 | Score Final: 84; RUA  MOACYR GOULART CUNHA CALDAS CONCEICAO 96 | Similaridade Texto: 83 | Similaridade Numero: 86 | Score Final: 84; RUA  MOACYR GOULART CUNHA CALDAS CONCEICAO 132 | Similaridade Texto: 83 | Similaridade Numero: 84 | Score Final: 83; RUA  MOACYR GOULART CUNHA CALDAS CONCEICAO 133 | Similaridade Texto: 83 | Similaridade Numero: 83 | Score Final: 83; RUA  MOACYR GOULART CUNHA CALDAS CONCEICAO 91 | Similaridade Texto: 83 | Similaridade Numero: 82 | Score Final: 83; RUA  MOACYR GOULART CUNHA CALDAS CONCEICAO 90 | Similaridade Texto: 83 | Similaridade Numero: 81 | Score Final: 83; RUA  MOACYR GOULART CUNHA CALDAS CONCEICAO 138 | Similaridade Texto: 83 | Similaridade Numero: 80 | Score Final: 83; RUA  MOACYR GOULART CUNHA CALDAS CONCEICAO 86 | Similaridade Texto: 83 | Similaridade Numero: 77 | Score Final: 83; RUA  MOACYR GOULART CUNHA CALDAS CONCEICAO 81 | Similaridade Texto: 83 | Similaridade Numero: 73 | Score Final: 82";85,0
5;PRACA RUI BARBOSA PIRAPORINHA;27,0;160130;PRACA  RUI BARBOSA PIRAPORINHA;27;100,0;29,67;100,0;"PRACA  RUI BARBOSA PIRAPORINHA 27 | Similaridade Texto: 100 | Similaridade Numero: 100 | Score Final: 100; AVENIDA  PIRAPORINHA PIRAPORINHA 19 | Similaridade Texto: 100 | Similaridade Numero: 84 | Score Final: 98; AVENIDA  PIRAPORINHA PIRAPORINHA 19 | Similaridade Texto: 100 | Similaridade Numero: 84 | Score Final: 98; AVENIDA  PIRAPORINHA PIRAPORINHA 19 | Similaridade Texto: 100 | Similaridade Numero: 84 | Score Final: 98; AVENIDA  PIRAPORINHA PIRAPORINHA 19 | Similaridade Texto: 100 | Similaridade Numero: 84 | Score Final: 98; AVENIDA  PIRAPORINHA PIRAPORINHA 43 | Similaridade Texto: 100 | Similaridade Numero: 68 | Score Final: 97; AVENIDA  PIRAPORINHA PIRAPORINHA 11 | Similaridade Texto: 100 | Similaridade Numero: 68 | Score Final: 97; AVENIDA  PIRAPORINHA PIRAPORINHA 49 | Similaridade Texto: 100 | Similaridade Numero: 56 | Score Final: 96; AVENIDA  PIRAPORINHA PIRAPORINHA 51 | Similaridade Texto: 100 | Similaridade Numero: 53 | Score Final: 95; AVENIDA  PIRAPORINHA PIRAPORINHA 57 | Similaridade Texto: 100 | Similaridade Numero: 47 | Score Final: 95; AVENIDA  PIRAPORINHA PIRAPORINHA 57 | Similaridade Texto: 100 | Similaridade Numero: 47 | Score Final: 95; AVENIDA  PIRAPORINHA PIRAPORINHA 57 | Similaridade Texto: 100 | Similaridade Numero: 47 | Score Final: 95; AVENIDA  PIRAPORINHA PIRAPORINHA 57 | Similaridade Texto: 100 | Similaridade Numero: 47 | Score Final: 95; AVENIDA  PIRAPORINHA PIRAPORINHA 0 | Similaridade Texto: 100 | Similaridade Numero: 46 | Score Final: 95; AVENIDA  PIRAPORINHA PIRAPORINHA 0 | Similaridade Texto: 100 | Similaridade Numero: 46 | Score Final: 95; AVENIDA  PIRAPORINHA PIRAPORINHA 61 | Similaridade Texto: 100 | Similaridade Numero: 44 | Score Final: 94; AVENIDA  PIRAPORINHA PIRAPORINHA 65 | Similaridade Texto: 100 | Similaridade Numero: 42 | Score Final: 94; AVENIDA  PIRAPORINHA PIRAPORINHA 83 | Similaridade Texto: 100 | Similaridade Numero: 33 | Score Final: 93; AVENIDA  PIRAPORINHA PIRAPORINHA 91 | Similaridade Texto: 100 | Similaridade Numero: 30 | Score Final: 93; AVENIDA  PIRAPORINHA PIRAPORINHA 91 | Similaridade Texto: 100 | Similaridade Numero: 30 | Score Final: 93";100,0
6;AV NOSSA SENHORA DOS NAVEGANTES ELDORADO;288,0;43091;AVENIDA NOSSA SENHORA DOS NAVEGANTES ELDORADO;289;100,0;85,76;99,97;"AVENIDA NOSSA SENHORA DOS NAVEGANTES ELDORADO 289 | Similaridade Texto: 100 | Similaridade Numero: 100 | Score Final: 100; AVENIDA NOSSA SENHORA DOS NAVEGANTES ELDORADO 289 | Similaridade Texto: 100 | Similaridade Numero: 100 | Score Final: 100; AVENIDA NOSSA SENHORA DOS NAVEGANTES ELDORADO 299 | Similaridade Texto: 100 | Similaridade Numero: 96 | Score Final: 100; AVENIDA NOSSA SENHORA DOS NAVEGANTES ELDORADO 307 | Similaridade Texto: 100 | Similaridade Numero: 94 | Score Final: 99; AVENIDA NOSSA SENHORA DOS NAVEGANTES ELDORADO 307 | Similaridade Texto: 100 | Similaridade Numero: 94 | Score Final: 99; AVENIDA NOSSA SENHORA DOS NAVEGANTES ELDORADO 307 | Similaridade Texto: 100 | Similaridade Numero: 94 | Score Final: 99; AVENIDA NOSSA SENHORA DOS NAVEGANTES ELDORADO 311 | Similaridade Texto: 100 | Similaridade Numero: 93 | Score Final: 99; AVENIDA NOSSA SENHORA DOS NAVEGANTES ELDORADO 311 | Similaridade Texto: 100 | Similaridade Numero: 93 | Score Final: 99; AVENIDA NOSSA SENHORA DOS NAVEGANTES ELDORADO 311 | Similaridade Texto: 100 | Similaridade Numero: 93 | Score Final: 99; AVENIDA NOSSA SENHORA DOS NAVEGANTES ELDORADO 311 | Similaridade Texto: 100 | Similaridade Numero: 93 | Score Final: 99; AVENIDA NOSSA SENHORA DOS NAVEGANTES ELDORADO 259 | Similaridade Texto: 100 | Similaridade Numero: 90 | Score Final: 99; AVENIDA NOSSA SENHORA DOS NAVEGANTES ELDORADO 321 | Similaridade Texto: 100 | Similaridade Numero: 90 | Score Final: 99; AVENIDA NOSSA SENHORA DOS NAVEGANTES ELDORADO 321 | Similaridade Texto: 100 | Similaridade Numero: 90 | Score Final: 99; AVENIDA NOSSA SENHORA DOS NAVEGANTES ELDORADO 332 | Similaridade Texto: 100 | Similaridade Numero: 87 | Score Final: 99; AVENIDA NOSSA SENHORA DOS NAVEGANTES ELDORADO 332 | Similaridade Texto: 100 | Similaridade Numero: 87 | Score Final: 99; AVENIDA NOSSA SENHORA DOS NAVEGANTES ELDORADO 332 | Similaridade Texto: 100 | Similaridade Numero: 87 | Score Final: 99; AVENIDA NOSSA SENHORA DOS NAVEGANTES ELDORADO 332 | Similaridade Texto: 100 | Similaridade Numero: 87 | Score Final: 99; AVENIDA NOSSA SENHORA DOS NAVEGANTES ELDORADO 332 | Similaridade Texto: 100 | Similaridade Numero: 87 | Score Final: 99; AVENIDA NOSSA SENHORA DOS NAVEGANTES ELDORADO 247 | Similaridade Texto: 100 | Similaridade Numero: 86 | Score Final: 99; AVENIDA NOSSA SENHORA DOS NAVEGANTES ELDORADO 247 | Similaridade Texto: 100 | Similaridade Numero: 86 | Score Final: 99";99,97
7;RUA CAPIBARIBE JARDIM CAMPANARIO;193,0;115200;RUA  CAPIBARIBE CAMPANARIO;193;100,0;72,54;100,0;"RUA  CAPIBARIBE CAMPANARIO 193 | Similaridade Texto: 100 | Similaridade Numero: 100 | Score Final: 100; RUA  CAPIBARIBE CAMPANARIO 200 | Similaridade Texto: 100 | Similaridade Numero: 96 | Score Final: 100; RUA  CAPIBARIBE CAMPANARIO 200 | Similaridade Texto: 100 | Similaridade Numero: 96 | Score Final: 100; RUA  CAPIBARIBE CAMPANARIO 182 | Similaridade Texto: 100 | Similaridade Numero: 94 | Score Final: 99; RUA  CAPIBARIBE CAMPANARIO 182 | Similaridade Texto: 100 | Similaridade Numero: 94 | Score Final: 99; RUA  CAPIBARIBE CAMPANARIO 208 | Similaridade Texto: 100 | Similaridade Numero: 93 | Score Final: 99; RUA  CAPIBARIBE CAMPANARIO 179 | Similaridade Texto: 100 | Similaridade Numero: 93 | Score Final: 99; RUA  CAPIBARIBE CAMPANARIO 216 | Similaridade Texto: 100 | Similaridade Numero: 89 | Score Final: 99; RUA  CAPIBARIBE CAMPANARIO 170 | Similaridade Texto: 100 | Similaridade Numero: 88 | Score Final: 99; RUA  CAPIBARIBE CAMPANARIO 161 | Similaridade Texto: 100 | Similaridade Numero: 83 | Score Final: 98; RUA  CAPIBARIBE CAMPANARIO 154 | Similaridade Texto: 100 | Similaridade Numero: 80 | Score Final: 98; RUA  CAPIBARIBE CAMPANARIO 154 | Similaridade Texto: 100 | Similaridade Numero: 80 | Score Final: 98; RUA  CAPIBARIBE CAMPANARIO 154 | Similaridade Texto: 100 | Similaridade Numero: 80 | Score Final: 98; RUA  CAPIBARIBE CAMPANARIO 153 | Similaridade Texto: 100 | Similaridade Numero: 79 | Score Final: 98; RUA  CAPIBARIBE CAMPANARIO 153 | Similaridade Texto: 100 | Similaridade Numero: 79 | Score Final: 98; RUA  CAPIBARIBE CAMPANARIO 153 | Similaridade Texto: 100 | Similaridade Numero: 79 | Score Final: 98; RUA  CAPIBARIBE CAMPANARIO 149 | Similaridade Texto: 100 | Similaridade Numero: 77 | Score Final: 98; RUA  CAPIBARIBE CAMPANARIO 146 | Similaridade Texto: 100 | Similaridade Numero: 76 | Score Final: 98; RUA  CAPIBARIBE CAMPANARIO 146 | Similaridade Texto: 100 | Similaridade Numero: 76 | Score Final: 98; RUA  CAPIBARIBE CAMPANARIO 140 | Similaridade Texto: 100 | Similaridade Numero: 73 | Score Final: 97";100,0
8;AV PIRAPORINHA PIRAPORINHA;1682,0;30100;AVENIDA  PIRAPORINHA PIRAPORINHA;1682;100,0;99,23;100,0;"AVENIDA  PIRAPORINHA PIRAPORINHA 1682 | Similaridade Texto: 100 | Similaridade Numero: 100 | Score Final: 100; AVENIDA  PIRAPORINHA PIRAPORINHA 1683 | Similaridade Texto: 100 | Similaridade Numero: 100 | Score Final: 100; AVENIDA  FAGUNDES DE OLIVEIRA PIRAPORINHA 1680 | Similaridade Texto: 100 | Similaridade Numero: 100 | Score Final: 100; AVENIDA  FAGUNDES DE OLIVEIRA PIRAPORINHA 1685 | Similaridade Texto: 100 | Similaridade Numero: 100 | Score Final: 100; AVENIDA  PIRAPORINHA PIRAPORINHA 1687 | Similaridade Texto: 100 | Similaridade Numero: 100 | Score Final: 100; AVENIDA  PIRAPORINHA PIRAPORINHA 1677 | Similaridade Texto: 100 | Similaridade Numero: 100 | Score Final: 100; AVENIDA  PIRAPORINHA PIRAPORINHA 1691 | Similaridade Texto: 100 | Similaridade Numero: 99 | Score Final: 100; AVENIDA  PIRAPORINHA PIRAPORINHA 1691 | Similaridade Texto: 100 | Similaridade Numero: 99 | Score Final: 100; AVENIDA  PIRAPORINHA PIRAPORINHA 1691 | Similaridade Texto: 100 | Similaridade Numero: 99 | Score Final: 100; AVENIDA  PIRAPORINHA PIRAPORINHA 1691 | Similaridade Texto: 100 | Similaridade Numero: 99 | Score Final: 100; AVENIDA  PIRAPORINHA PIRAPORINHA 1691 | Similaridade Texto: 100 | Similaridade Numero: 99 | Score Final: 100; AVENIDA  PIRAPORINHA PIRAPORINHA 1691 | Similaridade Texto: 100 | Similaridade Numero: 99 | Score Final: 100; AVENIDA  PIRAPORINHA PIRAPORINHA 1691 | Similaridade Texto: 100 | Similaridade Numero: 99 | Score Final: 100; AVENIDA  PIRAPORINHA PIRAPORINHA 1691 | Similaridade Texto: 100 | Similaridade Numero: 99 | Score Final: 100; AVENIDA  PIRAPORINHA PIRAPORINHA 1691 | Similaridade Texto: 100 | Similaridade Numero: 99 | Score Final: 100; AVENIDA  PIRAPORINHA PIRAPORINHA 1691 | Similaridade Texto: 100 | Similaridade Numero: 99 | Score Final: 100; AVENIDA  PIRAPORINHA PIRAPORINHA 1673 | Similaridade Texto: 100 | Similaridade Numero: 99 | Score Final: 100; AVENIDA  PIRAPORINHA PIRAPORINHA 1695 | Similaridade Texto: 100 | Similaridade Numero: 99 | Score Final: 100; AVENIDA  PIRAPORINHA PIRAPORINHA 1695 | Similaridade Texto: 100 | Similaridade Numero: 99 | Score Final: 100; AVENIDA  PIRAPORINHA PIRAPORINHA 1695 | Similaridade Texto: 100 | Similaridade Numero: 99 | Score Final: 100";100,0
9;RUA JOSE BONIFACIO SERRARIA;1641,0;74232;RUA  JOSE BONIFACIO SERRARIA;1641;100,0;98,86;100,0;"RUA  JOSE BONIFACIO SERRARIA 1641 | Similaridade Texto: 100 | Similaridade Numero: 100 | Score Final: 100; RUA  JOSE BONIFACIO SERRARIA 1642 | Similaridade Texto: 100 | Similaridade Numero: 100 | Score Final: 100; RUA  JOSE BONIFACIO SERRARIA 1642 | Similaridade Texto: 100 | Similaridade Numero: 100 | Score Final: 100; RUA  JOSE BONIFACIO SERRARIA 1642 | Similaridade Texto: 100 | Similaridade Numero: 100 | Score Final: 100; RUA  JOSE BONIFACIO SERRARIA 1642 | Similaridade Texto: 100 | Similaridade Numero: 100 | Score Final: 100; RUA  JOSE BONIFACIO SERRARIA 1642 | Similaridade Texto: 100 | Similaridade Numero: 100 | Score Final: 100; RUA  JOSE BONIFACIO SERRARIA 1642 | Similaridade Texto: 100 | Similaridade Numero: 100 | Score Final: 100; RUA  JOSE BONIFACIO SERRARIA 1636 | Similaridade Texto: 100 | Similaridade Numero: 100 | Score Final: 100; RUA  JOSE BONIFACIO SERRARIA 1650 | Similaridade Texto: 100 | Similaridade Numero: 99 | Score Final: 100; RUA  JOSE BONIFACIO SERRARIA 1650 | Similaridade Texto: 100 | Similaridade Numero: 99 | Score Final: 100; RUA  JOSE BONIFACIO SERRARIA 1650 | Similaridade Texto: 100 | Similaridade Numero: 99 | Score Final: 100; RUA  JOSE BONIFACIO SERRARIA 1650 | Similaridade Texto: 100 | Similaridade Numero: 99 | Score Final: 100; RUA  JOSE BONIFACIO SERRARIA 1650 | Similaridade Texto: 100 | Similaridade Numero: 99 | Score Final: 100; RUA  JOSE BONIFACIO SERRARIA 1630 | Similaridade Texto: 100 | Similaridade Numero: 99 | Score Final: 100; RUA  JOSE BONIFACIO SERRARIA 1630 | Similaridade Texto: 100 | Similaridade Numero: 99 | Score Final: 100; RUA  JOSE BONIFACIO SERRARIA 1630 | Similaridade Texto: 100 | Similaridade Numero: 99 | Score Final: 100; RUA  JOSE BONIFACIO SERRARIA 1656 | Similaridade Texto: 100 | Similaridade Numero: 99 | Score Final: 100; RUA  JOSE BONIFACIO SERRARIA 1656 | Similaridade Texto: 100 | Similaridade Numero: 99 | Score Final: 100; RUA  JOSE BONIFACIO SERRARIA 1656 | Similaridade Texto: 100 | Similaridade Numero: 99 | Score Final: 100; RUA  JOSE BONIFACIO SERRARIA 1660 | Similaridade Texto: 100 | Similaridade Numero: 99 | Score Final: 100";100,0
10;RUA TIRADENTES CENTRO;100,0;39595;RUA  TIRADENTES CENTRO;100;100,0;76,92;100,0;"RUA  TIRADENTES CENTRO 100 | Similaridade Texto: 100 | Similaridade Numero: 100 | Score Final: 100; RUA  TIRADENTES CENTRO 107 | Similaridade Texto: 100 | Similaridade Numero: 93 | Score Final: 99; RUA  TIRADENTES CENTRO 92 | Similaridade Texto: 100 | Similaridade Numero: 92 | Score Final: 99; RUA  TIRADENTES CENTRO 130 | Similaridade Texto: 100 | Similaridade Numero: 77 | Score Final: 98; RUA  TIRADENTES CENTRO 130 | Similaridade Texto: 100 | Similaridade Numero: 77 | Score Final: 98; RUA  TIRADENTES CENTRO 130 | Similaridade Texto: 100 | Similaridade Numero: 77 | Score Final: 98; RUA  TIRADENTES CENTRO 130 | Similaridade Texto: 100 | Similaridade Numero: 77 | Score Final: 98; RUA  TIRADENTES CENTRO 130 | Similaridade Texto: 100 | Similaridade Numero: 77 | Score Final: 98; RUA  TIRADENTES CENTRO 130 | Similaridade Texto: 100 | Similaridade Numero: 77 | Score Final: 98; RUA  TIRADENTES CENTRO 130 | Similaridade Texto: 100 | Similaridade Numero: 77 | Score Final: 98; RUA  TIRADENTES CENTRO 130 | Similaridade Texto: 100 | Similaridade Numero: 77 | Score Final: 98; RUA  TIRADENTES CENTRO 130 | Similaridade Texto: 100 | Similaridade Numero: 77 | Score Final: 98; RUA  TIRADENTES CENTRO 130 | Similaridade Texto: 100 | Similaridade Numero: 77 | Score Final: 98; RUA  TIRADENTES CENTRO 130 | Similaridade Texto: 100 | Similaridade Numero: 77 | Score Final: 98; RUA  TIRADENTES CENTRO 130 | Similaridade Texto: 100 | Similaridade Numero: 77 | Score Final: 98; RUA  TIRADENTES CENTRO 130 | Similaridade Texto: 100 | Similaridade Numero: 77 | Score Final: 98; RUA  TIRADENTES CENTRO 130 | Similaridade Texto: 100 | Similaridade Numero: 77 | Score Final: 98; RUA  TIRADENTES CENTRO 130 | Similaridade Texto: 100 | Similaridade Numero: 77 | Score Final: 98; RUA  TIRADENTES CENTRO 130 | Similaridade Texto: 100 | Similaridade Numero: 77 | Score Final: 98; RUA  TIRADENTES CENTRO 130 | Similaridade Texto: 100 | Similaridade Numero: 77 | Score Final: 98";100,0
11;RUA MEM DE SA JARDIM CASA GRANDE;280,0;1175;AVENIDA  CASA GRANDE CASA GRANDE;280;100,0;95,89;100,0;"AVENIDA  CASA GRANDE CASA GRANDE 280 | Similaridade Texto: 100 | Similaridade Numero: 100 | Score Final: 100; AVENIDA  CASA GRANDE CASA GRANDE 280 | Similaridade Texto: 100 | Similaridade Numero: 100 | Score Final: 100; RUA  MEM DE SA CASA GRANDE 280 | Similaridade Texto: 100 | Similaridade Numero: 100 | Score Final: 100; AVENIDA  CASA GRANDE CASA GRANDE 277 | Similaridade Texto: 100 | Similaridade Numero: 99 | Score Final: 100; AVENIDA  CASA GRANDE CASA GRANDE 277 | Similaridade Texto: 100 | Similaridade Numero: 99 | Score Final: 100; RUA  MEM DE SA CASA GRANDE 285 | Similaridade Texto: 100 | Similaridade Numero: 98 | Score Final: 100; RUA  MEM DE SA CASA GRANDE 285 | Similaridade Texto: 100 | Similaridade Numero: 98 | Score Final: 100; RUA  MEM DE SA CASA GRANDE 275 | Similaridade Texto: 100 | Similaridade Numero: 98 | Score Final: 100; RUA  MEM DE SA CASA GRANDE 275 | Similaridade Texto: 100 | Similaridade Numero: 98 | Score Final: 100; RUA  MEM DE SA CASA GRANDE 275 | Similaridade Texto: 100 | Similaridade Numero: 98 | Score Final: 100; RUA  MEM DE SA CASA GRANDE 289 | Similaridade Texto: 100 | Similaridade Numero: 97 | Score Final: 100; RUA  MEM DE SA CASA GRANDE 289 | Similaridade Texto: 100 | Similaridade Numero: 97 | Score Final: 100; RUA  MEM DE SA CASA GRANDE 289 | Similaridade Texto: 100 | Similaridade Numero: 97 | Score Final: 100; RUA  MEM DE SA CASA GRANDE 289 | Similaridade Texto: 100 | Similaridade Numero: 97 | Score Final: 100; RUA  MEM DE SA CASA GRANDE 289 | Similaridade Texto: 100 | Similaridade Numero: 97 | Score Final: 100; RUA  MEM DE SA CASA GRANDE 271 | Similaridade Texto: 100 | Similaridade Numero: 97 | Score Final: 100; RUA  MEM DE SA CASA GRANDE 292 | Similaridade Texto: 100 | Similaridade Numero: 96 | Score Final: 100; RUA  MEM DE SA CASA GRANDE 292 | Similaridade Texto: 100 | Similaridade Numero: 96 | Score Final: 100; RUA  MEM DE SA CASA GRANDE 292 | Similaridade Texto: 100 | Similaridade Numero: 96 | Score Final: 100; RUA  MEM DE SA CASA GRANDE 292 | Similaridade Texto: 100 | Similaridade Numero: 96 | Score Final: 100";100,0
12;AVN SAO JOSE CENTRO;472,0;89141;AVENIDA SAO JOSE CENTRO;472;100,0;92,16;100,0;"AVENIDA SAO JOSE CENTRO 472 | Similaridade Texto: 100 | Similaridade Numero: 100 | Score Final: 100; AVENIDA SAO JOSE CENTRO 481 | Similaridade Texto: 100 | Similaridade Numero: 98 | Score Final: 100; AVENIDA SAO JOSE CENTRO 481 | Similaridade Texto: 100 | Similaridade Numero: 98 | Score Final: 100; AVENIDA SAO JOSE CENTRO 463 | Similaridade Texto: 100 | Similaridade Numero: 98 | Score Final: 100; AVENIDA SAO JOSE CENTRO 485 | Similaridade Texto: 100 | Similaridade Numero: 97 | Score Final: 100; AVENIDA SAO JOSE CENTRO 489 | Similaridade Texto: 100 | Similaridade Numero: 97 | Score Final: 100; AVENIDA SAO JOSE CENTRO 490 | Similaridade Texto: 100 | Similaridade Numero: 96 | Score Final: 100; AVENIDA SAO JOSE CENTRO 493 | Similaridade Texto: 100 | Similaridade Numero: 96 | Score Final: 100; AVENIDA SAO JOSE CENTRO 493 | Similaridade Texto: 100 | Similaridade Numero: 96 | Score Final: 100; AVENIDA SAO JOSE CENTRO 449 | Similaridade Texto: 100 | Similaridade Numero: 95 | Score Final: 100; AVENIDA SAO JOSE CENTRO 447 | Similaridade Texto: 100 | Similaridade Numero: 95 | Score Final: 99; AVENIDA SAO JOSE CENTRO 499 | Similaridade Texto: 100 | Similaridade Numero: 95 | Score Final: 99; AVENIDA SAO JOSE CENTRO 499 | Similaridade Texto: 100 | Similaridade Numero: 95 | Score Final: 99; AVENIDA SAO JOSE CENTRO 445 | Similaridade Texto: 100 | Similaridade Numero: 94 | Score Final: 99; AVENIDA SAO JOSE CENTRO 503 | Similaridade Texto: 100 | Similaridade Numero: 94 | Score Final: 99; AVENIDA SAO JOSE CENTRO 505 | Similaridade Texto: 100 | Similaridade Numero: 93 | Score Final: 99; AVENIDA SAO JOSE CENTRO 439 | Similaridade Texto: 100 | Similaridade Numero: 93 | Score Final: 99; AVENIDA SAO JOSE CENTRO 437 | Similaridade Texto: 100 | Similaridade Numero: 93 | Score Final: 99; AVENIDA SAO JOSE CENTRO 435 | Similaridade Texto: 100 | Similaridade Numero: 92 | Score Final: 99; AVENIDA SAO JOSE CENTRO 435 | Similaridade Texto: 100 | Similaridade Numero: 92 | Score Final: 99";100,0
13;RUA SERRA DE MARACUJA PARQUE REID;49,0;69982;RUA  SERRA DE MARACUJA CENTRO;49;60,71;96,0;84,63;"RUA  SERRA DE MARACUJA CENTRO 49 | Similaridade Texto: 83 | Similaridade Numero: 100 | Score Final: 85; RUA  SERRA DE MARACUJA CENTRO 54 | Similaridade Texto: 83 | Similaridade Numero: 91 | Score Final: 84; RUA  SERRA DE MARACUJA CENTRO 54 | Similaridade Texto: 83 | Similaridade Numero: 91 | Score Final: 84; RUA  SERRA DE MARACUJA CENTRO 44 | Similaridade Texto: 83 | Similaridade Numero: 90 | Score Final: 84; RUA  SERRA DE MARACUJA CENTRO 64 | Similaridade Texto: 83 | Similaridade Numero: 77 | Score Final: 82; RUA  SERRA DE MARACUJA CENTRO 70 | Similaridade Texto: 83 | Similaridade Numero: 70 | Score Final: 82; RUA  SERRA DE MARACUJA CENTRO 76 | Similaridade Texto: 83 | Similaridade Numero: 64 | Score Final: 81; RUA  SERRA DE MARACUJA CENTRO 76 | Similaridade Texto: 83 | Similaridade Numero: 64 | Score Final: 81; RUA  SERRA DE MARACUJA CENTRO 30 | Similaridade Texto: 83 | Similaridade Numero: 62 | Score Final: 81; RUA  SERRA DE MARACUJA CENTRO 80 | Similaridade Texto: 83 | Similaridade Numero: 61 | Score Final: 81; RUA  SERRA DE MARACUJA CENTRO 28 | Similaridade Texto: 83 | Similaridade Numero: 58 | Score Final: 80; RUA  SERRA DE MARACUJA CENTRO 85 | Similaridade Texto: 83 | Similaridade Numero: 58 | Score Final: 80; RUA  SERRA DE MARACUJA CENTRO 97 | Similaridade Texto: 83 | Similaridade Numero: 51 | Score Final: 80; RUA  SERRA DE MARACUJA CENTRO 102 | Similaridade Texto: 83 | Similaridade Numero: 48 | Score Final: 79; RUA  SERRA DE MARACUJA CENTRO 104 | Similaridade Texto: 83 | Similaridade Numero: 47 | Score Final: 79; RUA  SERRA DE MARACUJA CENTRO 111 | Similaridade Texto: 83 | Similaridade Numero: 44 | Score Final: 79; RUA  SERRA DE MARACUJA CENTRO 112 | Similaridade Texto: 83 | Similaridade Numero: 44 | Score Final: 79; RUA  SERRA DE MARACUJA CENTRO 120 | Similaridade Texto: 83 | Similaridade Numero: 41 | Score Final: 79; RUA  SERRA DE MARACUJA CENTRO 10 | Similaridade Texto: 83 | Similaridade Numero: 22 | Score Final: 77; RUA  MARIA RITA PEREIRA SERRARIA 47 | Similaridade Texto: 61 | Similaridade Numero: 96 | Score Final: 64";84,63
14;RUA BARAO DE IGUAPE VIL SAO JOSE;98,0;15269;RUA BARAO DE IGUAPE PIRAPORINHA;98;71,43;62,42;74,29;"RUA BARAO DE IGUAPE PIRAPORINHA 98 | Similaridade Texto: 71 | Similaridade Numero: 100 | Score Final: 74; AVENIDA SAO JOSE CENTRO 106 | Similaridade Texto: 70 | Similaridade Numero: 92 | Score Final: 72; AVENIDA SAO JOSE CENTRO 90 | Similaridade Texto: 70 | Similaridade Numero: 92 | Score Final: 72; RUA BARAO DE IGUAPE PIRAPORINHA 73 | Similaridade Texto: 71 | Similaridade Numero: 74 | Score Final: 72; AVENIDA SAO JOSE CENTRO 88 | Similaridade Texto: 70 | Similaridade Numero: 90 | Score Final: 72; RUA BARAO DE IGUAPE PIRAPORINHA 135 | Similaridade Texto: 71 | Similaridade Numero: 73 | Score Final: 72; RUA BARAO DE IGUAPE PIRAPORINHA 137 | Similaridade Texto: 71 | Similaridade Numero: 72 | Score Final: 71; AVENIDA SAO JOSE CENTRO 111 | Similaridade Texto: 70 | Similaridade Numero: 88 | Score Final: 71; RUA BARAO DE IGUAPE PIRAPORINHA 140 | Similaridade Texto: 71 | Similaridade Numero: 70 | Score Final: 71; RUA BARAO DE IGUAPE PIRAPORINHA 141 | Similaridade Texto: 71 | Similaridade Numero: 70 | Score Final: 71; AVENIDA SAO JOSE CENTRO 115 | Similaridade Texto: 70 | Similaridade Numero: 85 | Score Final: 71; RUA BARAO DE IGUAPE PIRAPORINHA 145 | Similaridade Texto: 71 | Similaridade Numero: 68 | Score Final: 71; AVENIDA SAO JOSE CENTRO 81 | Similaridade Texto: 70 | Similaridade Numero: 83 | Score Final: 71; AVENIDA SAO JOSE CENTRO 119 | Similaridade Texto: 70 | Similaridade Numero: 82 | Score Final: 71; RUA BARAO DE IGUAPE PIRAPORINHA 64 | Similaridade Texto: 71 | Similaridade Numero: 65 | Score Final: 71; RUA BARAO DE IGUAPE PIRAPORINHA 151 | Similaridade Texto: 71 | Similaridade Numero: 65 | Score Final: 71; RUA BARAO DE IGUAPE PIRAPORINHA 63 | Similaridade Texto: 71 | Similaridade Numero: 64 | Score Final: 71; RUA BARAO DE IGUAPE PIRAPORINHA 63 | Similaridade Texto: 71 | Similaridade Numero: 64 | Score Final: 71; RUA BARAO DE IGUAPE PIRAPORINHA 157 | Similaridade Texto: 71 | Similaridade Numero: 62 | Score Final: 71; RUA BARAO DE IGUAPE PIRAPORINHA 157 | Similaridade Texto: 71 | Similaridade Numero: 62 | Score Final: 71";74,29
15;RUA SEBASTIAO FERNANDES TOURINHO VIL NOGUEIRA;285,0;27959;RUA  SEBASTIAO FERNANDES TOURINHO VILA NOGUEIRA;285;100,0;90,76;100,0;"RUA  SEBASTIAO FERNANDES TOURINHO VILA NOGUEIRA 285 | Similaridade Texto: 100 | Similaridade Numero: 100 | Score Final: 100; RUA  SEBASTIAO FERNANDES TOURINHO VILA NOGUEIRA 286 | Similaridade Texto: 100 | Similaridade Numero: 100 | Score Final: 100; RUA  SEBASTIAO FERNANDES TOURINHO VILA NOGUEIRA 288 | Similaridade Texto: 100 | Similaridade Numero: 99 | Score Final: 100; RUA  SEBASTIAO FERNANDES TOURINHO VILA NOGUEIRA 298 | Similaridade Texto: 100 | Similaridade Numero: 96 | Score Final: 100; RUA  SEBASTIAO FERNANDES TOURINHO VILA NOGUEIRA 298 | Similaridade Texto: 100 | Similaridade Numero: 96 | Score Final: 100; RUA  SEBASTIAO FERNANDES TOURINHO VILA NOGUEIRA 298 | Similaridade Texto: 100 | Similaridade Numero: 96 | Score Final: 100; RUA  SEBASTIAO FERNANDES TOURINHO VILA NOGUEIRA 298 | Similaridade Texto: 100 | Similaridade Numero: 96 | Score Final: 100; RUA  SEBASTIAO FERNANDES TOURINHO VILA NOGUEIRA 298 | Similaridade Texto: 100 | Similaridade Numero: 96 | Score Final: 100; RUA  SEBASTIAO FERNANDES TOURINHO VILA NOGUEIRA 272 | Similaridade Texto: 100 | Similaridade Numero: 95 | Score Final: 100; RUA  SEBASTIAO FERNANDES TOURINHO VILA NOGUEIRA 299 | Similaridade Texto: 100 | Similaridade Numero: 95 | Score Final: 100; RUA  SEBASTIAO FERNANDES TOURINHO VILA NOGUEIRA 299 | Similaridade Texto: 100 | Similaridade Numero: 95 | Score Final: 100; RUA  SEBASTIAO FERNANDES TOURINHO VILA NOGUEIRA 300 | Similaridade Texto: 100 | Similaridade Numero: 95 | Score Final: 100; RUA  SEBASTIAO FERNANDES TOURINHO VILA NOGUEIRA 300 | Similaridade Texto: 100 | Similaridade Numero: 95 | Score Final: 100; RUA  SEBASTIAO FERNANDES TOURINHO VILA NOGUEIRA 264 | Similaridade Texto: 100 | Similaridade Numero: 93 | Score Final: 99; RUA  SEBASTIAO FERNANDES TOURINHO VILA NOGUEIRA 264 | Similaridade Texto: 100 | Similaridade Numero: 93 | Score Final: 99; RUA  SEBASTIAO FERNANDES TOURINHO VILA NOGUEIRA 264 | Similaridade Texto: 100 | Similaridade Numero: 93 | Score Final: 99; RUA  SEBASTIAO FERNANDES TOURINHO VILA NOGUEIRA 264 | Similaridade Texto: 100 | Similaridade Numero: 93 | Score Final: 99; RUA  SEBASTIAO FERNANDES TOURINHO VILA NOGUEIRA 309 | Similaridade Texto: 100 | Similaridade Numero: 92 | Score Final: 99; RUA  SEBASTIAO FERNANDES TOURINHO VILA NOGUEIRA 260 | Similaridade Texto: 100 | Similaridade Numero: 91 | Score Final: 99; RUA  SEBASTIAO FERNANDES TOURINHO VILA NOGUEIRA 314 | Similaridade Texto: 100 | Similaridade Numero: 91 | Score Final: 99";100,0
16;RUA DAS AMEIXEIRAS JD ABC;679,0;163095;AVENIDA  DAS AMEIXEIRAS TABOAO;679;87,5;85,57;88,75;"AVENIDA  DAS AMEIXEIRAS TABOAO 679 | Similaridade Texto: 88 | Similaridade Numero: 100 | Score Final: 89; AVENIDA  DAS AMEIXEIRAS TABOAO 675 | Similaridade Texto: 88 | Similaridade Numero: 99 | Score Final: 89; AVENIDA  DAS AMEIXEIRAS TABOAO 657 | Similaridade Texto: 88 | Similaridade Numero: 97 | Score Final: 88; AVENIDA  DAS AMEIXEIRAS TABOAO 740 | Similaridade Texto: 88 | Similaridade Numero: 92 | Score Final: 88; AVENIDA  DAS AMEIXEIRAS TABOAO 748 | Similaridade Texto: 88 | Similaridade Numero: 91 | Score Final: 88; AVENIDA  DAS AMEIXEIRAS TABOAO 756 | Similaridade Texto: 88 | Similaridade Numero: 90 | Score Final: 88; AVENIDA  DAS AMEIXEIRAS TABOAO 760 | Similaridade Texto: 88 | Similaridade Numero: 89 | Score Final: 88; AVENIDA  DAS AMEIXEIRAS TABOAO 764 | Similaridade Texto: 88 | Similaridade Numero: 89 | Score Final: 88; AVENIDA  DAS AMEIXEIRAS TABOAO 770 | Similaridade Texto: 88 | Similaridade Numero: 88 | Score Final: 88; AVENIDA  DAS AMEIXEIRAS TABOAO 770 | Similaridade Texto: 88 | Similaridade Numero: 88 | Score Final: 88; AVENIDA  DAS AMEIXEIRAS TABOAO 597 | Similaridade Texto: 88 | Similaridade Numero: 88 | Score Final: 88; AVENIDA  DAS AMEIXEIRAS TABOAO 776 | Similaridade Texto: 88 | Similaridade Numero: 88 | Score Final: 88; AVENIDA  DAS AMEIXEIRAS TABOAO 778 | Similaridade Texto: 88 | Similaridade Numero: 87 | Score Final: 87; AVENIDA  DAS AMEIXEIRAS TABOAO 778 | Similaridade Texto: 88 | Similaridade Numero: 87 | Score Final: 87; AVENIDA  DAS AMEIXEIRAS TABOAO 778 | Similaridade Texto: 88 | Similaridade Numero: 87 | Score Final: 87; AVENIDA  DAS AMEIXEIRAS TABOAO 778 | Similaridade Texto: 88 | Similaridade Numero: 87 | Score Final: 87; AVENIDA  DAS AMEIXEIRAS TABOAO 780 | Similaridade Texto: 88 | Similaridade Numero: 87 | Score Final: 87; AVENIDA  DAS AMEIXEIRAS TABOAO 581 | Similaridade Texto: 88 | Similaridade Numero: 86 | Score Final: 87; AVENIDA  DAS AMEIXEIRAS TABOAO 581 | Similaridade Texto: 88 | Similaridade Numero: 86 | Score Final: 87; AVENIDA  DAS AMEIXEIRAS TABOAO 581 | Similaridade Texto: 88 | Similaridade Numero: 86 | Score Final: 87";88,75
17;RUA 22 DE ABRIL JD CANHEMA;113,0;26762;RUA  VINTE E SEIS DE ABRIL CANHEMA;116;91,43;79,65;92,03;"RUA  VINTE E SEIS DE ABRIL CANHEMA 116 | Similaridade Texto: 91 | Similaridade Numero: 97 | Score Final: 92; RUA  VINTE E DOIS DE ABRIL CANHEMA 108 | Similaridade Texto: 91 | Similaridade Numero: 96 | Score Final: 92; RUA  SETE DE ABRIL CANHEMA 120 | Similaridade Texto: 91 | Similaridade Numero: 94 | Score Final: 92; RUA  VINTE E SEIS DE ABRIL CANHEMA 104 | Similaridade Texto: 91 | Similaridade Numero: 92 | Score Final: 91; RUA  SETE DE ABRIL CANHEMA 102 | Similaridade Texto: 91 | Similaridade Numero: 90 | Score Final: 91; RUA  VINTE E DOIS DE ABRIL CANHEMA 102 | Similaridade Texto: 91 | Similaridade Numero: 90 | Score Final: 91; RUA  VINTE E DOIS DE ABRIL CANHEMA 102 | Similaridade Texto: 91 | Similaridade Numero: 90 | Score Final: 91; RUA  SETE DE ABRIL CANHEMA 100 | Similaridade Texto: 91 | Similaridade Numero: 88 | Score Final: 91; RUA  SETE DE ABRIL CANHEMA 100 | Similaridade Texto: 91 | Similaridade Numero: 88 | Score Final: 91; RUA  SETE DE ABRIL CANHEMA 98 | Similaridade Texto: 91 | Similaridade Numero: 87 | Score Final: 91; RUA  SETE DE ABRIL CANHEMA 98 | Similaridade Texto: 91 | Similaridade Numero: 87 | Score Final: 91; RUA  SETE DE ABRIL CANHEMA 98 | Similaridade Texto: 91 | Similaridade Numero: 87 | Score Final: 91; RUA  VINTE E SEIS DE ABRIL CANHEMA 96 | Similaridade Texto: 91 | Similaridade Numero: 85 | Score Final: 91; RUA  VINTE E DOIS DE ABRIL CANHEMA 96 | Similaridade Texto: 91 | Similaridade Numero: 85 | Score Final: 91; RUA  VINTE E SEIS DE ABRIL CANHEMA 91 | Similaridade Texto: 91 | Similaridade Numero: 81 | Score Final: 90; RUA  SETE DE ABRIL CANHEMA 90 | Similaridade Texto: 91 | Similaridade Numero: 80 | Score Final: 90; RUA  SETE DE ABRIL CANHEMA 90 | Similaridade Texto: 91 | Similaridade Numero: 80 | Score Final: 90; RUA  SETE DE ABRIL CANHEMA 90 | Similaridade Texto: 91 | Similaridade Numero: 80 | Score Final: 90; RUA  SETE DE ABRIL CANHEMA 90 | Similaridade Texto: 91 | Similaridade Numero: 80 | Score Final: 90; RUA  VINTE E DOIS DE ABRIL CANHEMA 90 | Similaridade Texto: 91 | Similaridade Numero: 80 | Score Final: 90";92,03
18;RUA JOSE VICENTE JD INAMAR;122,0;99539;RUA  JOSE VICENTE INAMAR;122;100,0;75,78;100,0;"RUA  JOSE VICENTE INAMAR 122 | Similaridade Texto: 100 | Similaridade Numero: 100 | Score Final: 100; RUA  JOSE VICENTE INAMAR 114 | Similaridade Texto: 100 | Similaridade Numero: 93 | Score Final: 99; RUA  JOSE VICENTE INAMAR 114 | Similaridade Texto: 100 | Similaridade Numero: 93 | Score Final: 99; RUA  JOSE VICENTE INAMAR 114 | Similaridade Texto: 100 | Similaridade Numero: 93 | Score Final: 99; RUA  JOSE VICENTE INAMAR 114 | Similaridade Texto: 100 | Similaridade Numero: 93 | Score Final: 99; RUA  JOSE VICENTE INAMAR 114 | Similaridade Texto: 100 | Similaridade Numero: 93 | Score Final: 99; RUA  JOSE VICENTE INAMAR 110 | Similaridade Texto: 100 | Similaridade Numero: 90 | Score Final: 99; RUA  JOSE VICENTE INAMAR 110 | Similaridade Texto: 100 | Similaridade Numero: 90 | Score Final: 99; RUA  JOSE VICENTE INAMAR 108 | Similaridade Texto: 100 | Similaridade Numero: 89 | Score Final: 99; RUA  JOSE VICENTE INAMAR 108 | Similaridade Texto: 100 | Similaridade Numero: 89 | Score Final: 99; RUA  JOSE VICENTE INAMAR 104 | Similaridade Texto: 100 | Similaridade Numero: 85 | Score Final: 99; RUA  JOSE VICENTE INAMAR 104 | Similaridade Texto: 100 | Similaridade Numero: 85 | Score Final: 99; RUA  JOSE VICENTE INAMAR 104 | Similaridade Texto: 100 | Similaridade Numero: 85 | Score Final: 99; RUA  JOSE VICENTE INAMAR 98 | Similaridade Texto: 100 | Similaridade Numero: 80 | Score Final: 98; RUA  JOSE VICENTE INAMAR 153 | Similaridade Texto: 100 | Similaridade Numero: 80 | Score Final: 98; RUA  JOSE VICENTE INAMAR 153 | Similaridade Texto: 100 | Similaridade Numero: 80 | Score Final: 98; RUA  JOSE VICENTE INAMAR 153 | Similaridade Texto: 100 | Similaridade Numero: 80 | Score Final: 98; RUA  JOSE VICENTE INAMAR 161 | Similaridade Texto: 100 | Similaridade Numero: 76 | Score Final: 98; RUA  JOSE VICENTE INAMAR 161 | Similaridade Texto: 100 | Similaridade Numero: 76 | Score Final: 98; RUA  JOSE VICENTE INAMAR 161 | Similaridade Texto: 100 | Similaridade Numero: 76 | Score Final: 98";100,0
19;RUA JAVARI JD PAINEIRAS;635,0;21410;RUA  JAVARI TABOAO;635;63,16;90,84;66,84;"RUA  JAVARI TABOAO 635 | Similaridade Texto: 63 | Similaridade Numero: 100 | Score Final: 67; RUA  JAVARI TABOAO 647 | Similaridade Texto: 63 | Similaridade Numero: 98 | Score Final: 67; RUA  JAVARI TABOAO 663 | Similaridade Texto: 63 | Similaridade Numero: 96 | Score Final: 66; RUA  JAVARI TABOAO 667 | Similaridade Texto: 63 | Similaridade Numero: 95 | Score Final: 66; RUA  JAVARI TABOAO 674 | Similaridade Texto: 63 | Similaridade Numero: 94 | Score Final: 66; RUA  JAVARI TABOAO 677 | Similaridade Texto: 63 | Similaridade Numero: 94 | Score Final: 66; RUA  JAVARI TABOAO 677 | Similaridade Texto: 63 | Similaridade Numero: 94 | Score Final: 66; RUA  JAVARI TABOAO 679 | Similaridade Texto: 63 | Similaridade Numero: 94 | Score Final: 66; RUA  JAVARI TABOAO 687 | Similaridade Texto: 63 | Similaridade Numero: 92 | Score Final: 66; RUA  JAVARI TABOAO 687 | Similaridade Texto: 63 | Similaridade Numero: 92 | Score Final: 66; RUA  PAINEIRAS CONCEICAO 77 | Similaridade Texto: 72 | Similaridade Numero: 12 | Score Final: 66; RUA  JAVARI TABOAO 582 | Similaridade Texto: 63 | Similaridade Numero: 92 | Score Final: 66; RUA  JAVARI TABOAO 582 | Similaridade Texto: 63 | Similaridade Numero: 92 | Score Final: 66; RUA  JAVARI TABOAO 582 | Similaridade Texto: 63 | Similaridade Numero: 92 | Score Final: 66; RUA  JAVARI TABOAO 693 | Similaridade Texto: 63 | Similaridade Numero: 92 | Score Final: 66; RUA  PAINEIRAS CONCEICAO 75 | Similaridade Texto: 72 | Similaridade Numero: 12 | Score Final: 66; RUA  PAINEIRAS CONCEICAO 73 | Similaridade Texto: 72 | Similaridade Numero: 11 | Score Final: 66; RUA  JAVARI TABOAO 578 | Similaridade Texto: 63 | Similaridade Numero: 91 | Score Final: 66; RUA  JAVARI TABOAO 699 | Similaridade Texto: 63 | Similaridade Numero: 91 | Score Final: 66; RUA  JAVARI TABOAO 699 | Similaridade Texto: 63 | Similaridade Numero: 91 | Score Final: 66";66,84
20;AV ELDORADO JARDIM RUYCE;817,0;98493;AVENIDA  ELDORADO JARDIM RUYCE;817;100,0;80,42;100,0;"AVENIDA  ELDORADO JARDIM RUYCE 817 | Similaridade Texto: 100 | Similaridade Numero: 100 | Score Final: 100; AVENIDA  ELDORADO JARDIM RUYCE 729 | Similaridade Texto: 100 | Similaridade Numero: 89 | Score Final: 99; AVENIDA  ELDORADO JARDIM RUYCE 727 | Similaridade Texto: 100 | Similaridade Numero: 89 | Score Final: 99; AVENIDA  ELDORADO JARDIM RUYCE 689 | Similaridade Texto: 100 | Similaridade Numero: 84 | Score Final: 98; AVENIDA  ELDORADO JARDIM RUYCE 689 | Similaridade Texto: 100 | Similaridade Numero: 84 | Score Final: 98; AVENIDA  ELDORADO JARDIM RUYCE 689 | Similaridade Texto: 100 | Similaridade Numero: 84 | Score Final: 98; AVENIDA  ELDORADO JARDIM RUYCE 689 | Similaridade Texto: 100 | Similaridade Numero: 84 | Score Final: 98; AVENIDA  ELDORADO JARDIM RUYCE 679 | Similaridade Texto: 100 | Similaridade Numero: 83 | Score Final: 98; AVENIDA  ELDORADO JARDIM RUYCE 679 | Similaridade Texto: 100 | Similaridade Numero: 83 | Score Final: 98; AVENIDA  ELDORADO JARDIM RUYCE 679 | Similaridade Texto: 100 | Similaridade Numero: 83 | Score Final: 98; AVENIDA  ELDORADO JARDIM RUYCE 675 | Similaridade Texto: 100 | Similaridade Numero: 83 | Score Final: 98; AVENIDA  ELDORADO JARDIM RUYCE 675 | Similaridade Texto: 100 | Similaridade Numero: 83 | Score Final: 98; AVENIDA  ELDORADO JARDIM RUYCE 675 | Similaridade Texto: 100 | Similaridade Numero: 83 | Score Final: 98; AVENIDA  ELDORADO JARDIM RUYCE 667 | Similaridade Texto: 100 | Similaridade Numero: 82 | Score Final: 98; AVENIDA  ELDORADO JARDIM RUYCE 667 | Similaridade Texto: 100 | Similaridade Numero: 82 | Score Final: 98; AVENIDA  ELDORADO JARDIM RUYCE 663 | Similaridade Texto: 100 | Similaridade Numero: 81 | Score Final: 98; AVENIDA  ELDORADO JARDIM RUYCE 663 | Similaridade Texto: 100 | Similaridade Numero: 81 | Score Final: 98; AVENIDA  ELDORADO JARDIM RUYCE 657 | Similaridade Texto: 100 | Similaridade Numero: 80 | Score Final: 98; AVENIDA  ELDORADO JARDIM RUYCE 657 | Similaridade Texto: 100 | Similaridade Numero: 80 | Score Final: 98; AVENIDA  ELDORADO JARDIM RUYCE 657 | Similaridade Texto: 100 | Similaridade Numero: 80 | Score Final: 98";100,0
21;RUA ODETE AMARAL DE OLIVEIRA PRQ REAL;129,0;89054;RUA  ODETE AMARAL DE OLIVEIRA SERRARIA;130;84,85;75,97;86,29;"RUA  ODETE AMARAL DE OLIVEIRA SERRARIA 130 | Similaridade Texto: 85 | Similaridade Numero: 99 | Score Final: 86; RUA  ODETE AMARAL DE OLIVEIRA SERRARIA 130 | Similaridade Texto: 85 | Similaridade Numero: 99 | Score Final: 86; RUA  ODETE AMARAL DE OLIVEIRA SERRARIA 124 | Similaridade Texto: 85 | Similaridade Numero: 96 | Score Final: 86; RUA  ODETE AMARAL DE OLIVEIRA SERRARIA 136 | Similaridade Texto: 85 | Similaridade Numero: 95 | Score Final: 86; RUA  ODETE AMARAL DE OLIVEIRA SERRARIA 122 | Similaridade Texto: 85 | Similaridade Numero: 95 | Score Final: 86; RUA  ODETE AMARAL DE OLIVEIRA SERRARIA 122 | Similaridade Texto: 85 | Similaridade Numero: 95 | Score Final: 86; RUA  ODETE AMARAL DE OLIVEIRA CONCEICAO 129 | Similaridade Texto: 84 | Similaridade Numero: 100 | Score Final: 86; RUA  ODETE AMARAL DE OLIVEIRA SERRARIA 116 | Similaridade Texto: 85 | Similaridade Numero: 90 | Score Final: 85; RUA  ODETE AMARAL DE OLIVEIRA SERRARIA 116 | Similaridade Texto: 85 | Similaridade Numero: 90 | Score Final: 85; RUA  ODETE AMARAL DE OLIVEIRA SERRARIA 110 | Similaridade Texto: 85 | Similaridade Numero: 85 | Score Final: 85; RUA  ODETE AMARAL DE OLIVEIRA SERRARIA 110 | Similaridade Texto: 85 | Similaridade Numero: 85 | Score Final: 85; RUA  ODETE AMARAL DE OLIVEIRA SERRARIA 155 | Similaridade Texto: 85 | Similaridade Numero: 83 | Score Final: 85; RUA  ODETE AMARAL DE OLIVEIRA SERRARIA 106 | Similaridade Texto: 85 | Similaridade Numero: 82 | Score Final: 85; RUA  ODETE AMARAL DE OLIVEIRA SERRARIA 104 | Similaridade Texto: 85 | Similaridade Numero: 81 | Score Final: 84; RUA  ODETE AMARAL DE OLIVEIRA SERRARIA 104 | Similaridade Texto: 85 | Similaridade Numero: 81 | Score Final: 84; RUA  ODETE AMARAL DE OLIVEIRA SERRARIA 104 | Similaridade Texto: 85 | Similaridade Numero: 81 | Score Final: 84; RUA  ODETE AMARAL DE OLIVEIRA SERRARIA 104 | Similaridade Texto: 85 | Similaridade Numero: 81 | Score Final: 84; RUA  ODETE AMARAL DE OLIVEIRA SERRARIA 163 | Similaridade Texto: 85 | Similaridade Numero: 79 | Score Final: 84; RUA  ODETE AMARAL DE OLIVEIRA SERRARIA 100 | Similaridade Texto: 85 | Similaridade Numero: 78 | Score Final: 84; RUA  ODETE AMARAL DE OLIVEIRA SERRARIA 98 | Similaridade Texto: 85 | Similaridade Numero: 76 | Score Final: 84";86,29
22;RUA PRUDENTE DE MORAIS JARDIM CASA GRANDE;300,0;139970;RUA  PRUDENTE DE MORAIS CASA GRANDE;300;100,0;92,33;100,0;"RUA  PRUDENTE DE MORAIS CASA GRANDE 300 | Similaridade Texto: 100 | Similaridade Numero: 100 | Score Final: 100; AVENIDA  CASA GRANDE CASA GRANDE 297 | Similaridade Texto: 100 | Similaridade Numero: 99 | Score Final: 100; RUA  PRUDENTE DE MORAIS CASA GRANDE 297 | Similaridade Texto: 100 | Similaridade Numero: 99 | Score Final: 100; RUA  PRUDENTE DE MORAIS CASA GRANDE 306 | Similaridade Texto: 100 | Similaridade Numero: 98 | Score Final: 100; AVENIDA  CASA GRANDE CASA GRANDE 293 | Similaridade Texto: 100 | Similaridade Numero: 98 | Score Final: 100; RUA  PRUDENTE DE MORAIS CASA GRANDE 291 | Similaridade Texto: 100 | Similaridade Numero: 97 | Score Final: 100; AVENIDA  CASA GRANDE CASA GRANDE 310 | Similaridade Texto: 100 | Similaridade Numero: 97 | Score Final: 100; AVENIDA  CASA GRANDE CASA GRANDE 311 | Similaridade Texto: 100 | Similaridade Numero: 96 | Score Final: 100; RUA  PRUDENTE DE MORAIS CASA GRANDE 287 | Similaridade Texto: 100 | Similaridade Numero: 96 | Score Final: 100; AVENIDA  CASA GRANDE CASA GRANDE 314 | Similaridade Texto: 100 | Similaridade Numero: 96 | Score Final: 100; AVENIDA  CASA GRANDE CASA GRANDE 318 | Similaridade Texto: 100 | Similaridade Numero: 94 | Score Final: 99; AVENIDA  CASA GRANDE CASA GRANDE 319 | Similaridade Texto: 100 | Similaridade Numero: 94 | Score Final: 99; AVENIDA  CASA GRANDE CASA GRANDE 319 | Similaridade Texto: 100 | Similaridade Numero: 94 | Score Final: 99; RUA  PRUDENTE DE MORAIS CASA GRANDE 281 | Similaridade Texto: 100 | Similaridade Numero: 94 | Score Final: 99; AVENIDA  CASA GRANDE CASA GRANDE 280 | Similaridade Texto: 100 | Similaridade Numero: 93 | Score Final: 99; AVENIDA  CASA GRANDE CASA GRANDE 280 | Similaridade Texto: 100 | Similaridade Numero: 93 | Score Final: 99; AVENIDA  CASA GRANDE CASA GRANDE 322 | Similaridade Texto: 100 | Similaridade Numero: 93 | Score Final: 99; AVENIDA  CASA GRANDE CASA GRANDE 323 | Similaridade Texto: 100 | Similaridade Numero: 93 | Score Final: 99; AVENIDA  CASA GRANDE CASA GRANDE 277 | Similaridade Texto: 100 | Similaridade Numero: 92 | Score Final: 99; AVENIDA  CASA GRANDE CASA GRANDE 277 | Similaridade Texto: 100 | Similaridade Numero: 92 | Score Final: 99";100,0
23;AV LICO MAIA SERRARIA;803,0;11343;AVENIDA  LICO MAIA SERRARIA;803;100,0;81,32;100,0;"AVENIDA  LICO MAIA SERRARIA 803 | Similaridade Texto: 100 | Similaridade Numero: 100 | Score Final: 100; AVENIDA  LICO MAIA SERRARIA 808 | Similaridade Texto: 100 | Similaridade Numero: 99 | Score Final: 100; AVENIDA  LICO MAIA SERRARIA 808 | Similaridade Texto: 100 | Similaridade Numero: 99 | Score Final: 100; AVENIDA  LICO MAIA SERRARIA 930 | Similaridade Texto: 100 | Similaridade Numero: 86 | Score Final: 99; AVENIDA  LICO MAIA SERRARIA 689 | Similaridade Texto: 100 | Similaridade Numero: 86 | Score Final: 99; AVENIDA  LICO MAIA SERRARIA 685 | Similaridade Texto: 100 | Similaridade Numero: 85 | Score Final: 99; AVENIDA  LICO MAIA SERRARIA 681 | Similaridade Texto: 100 | Similaridade Numero: 85 | Score Final: 98; AVENIDA  LICO MAIA SERRARIA 680 | Similaridade Texto: 100 | Similaridade Numero: 85 | Score Final: 98; AVENIDA  LICO MAIA SERRARIA 673 | Similaridade Texto: 100 | Similaridade Numero: 84 | Score Final: 98; AVENIDA  LICO MAIA SERRARIA 670 | Similaridade Texto: 100 | Similaridade Numero: 83 | Score Final: 98; AVENIDA  LICO MAIA SERRARIA 669 | Similaridade Texto: 100 | Similaridade Numero: 83 | Score Final: 98; AVENIDA  LICO MAIA SERRARIA 667 | Similaridade Texto: 100 | Similaridade Numero: 83 | Score Final: 98; AVENIDA  LICO MAIA SERRARIA 664 | Similaridade Texto: 100 | Similaridade Numero: 83 | Score Final: 98; AVENIDA  LICO MAIA SERRARIA 663 | Similaridade Texto: 100 | Similaridade Numero: 83 | Score Final: 98; AVENIDA  LICO MAIA SERRARIA 660 | Similaridade Texto: 100 | Similaridade Numero: 82 | Score Final: 98; AVENIDA  LICO MAIA SERRARIA 659 | Similaridade Texto: 100 | Similaridade Numero: 82 | Score Final: 98; AVENIDA  LICO MAIA SERRARIA 658 | Similaridade Texto: 100 | Similaridade Numero: 82 | Score Final: 98; AVENIDA  LICO MAIA SERRARIA 657 | Similaridade Texto: 100 | Similaridade Numero: 82 | Score Final: 98; AVENIDA  LICO MAIA SERRARIA 655 | Similaridade Texto: 100 | Similaridade Numero: 82 | Score Final: 98; AVENIDA  LICO MAIA SERRARIA 653 | Similaridade Texto: 100 | Similaridade Numero: 81 | Score Final: 98";100,0
24;AVN PRESIDENTE JUSCELINO PIRAPORINHA;759,0;33760;AVENIDA  PIRAPORINHA PIRAPORINHA;747;100,0;86,74;99,84;"AVENIDA  PIRAPORINHA PIRAPORINHA 747 | Similaridade Texto: 100 | Similaridade Numero: 98 | Score Final: 100; AVENIDA  PIRAPORINHA PIRAPORINHA 693 | Similaridade Texto: 100 | Similaridade Numero: 91 | Score Final: 99; AVENIDA PRESIDENTE JUSCELINO PIRAPORINHA 834 | Similaridade Texto: 100 | Similaridade Numero: 91 | Score Final: 99; AVENIDA PRESIDENTE JUSCELINO PIRAPORINHA 687 | Similaridade Texto: 100 | Similaridade Numero: 91 | Score Final: 99; AVENIDA PRESIDENTE JUSCELINO PIRAPORINHA 687 | Similaridade Texto: 100 | Similaridade Numero: 91 | Score Final: 99; AVENIDA PRESIDENTE JUSCELINO PIRAPORINHA 681 | Similaridade Texto: 100 | Similaridade Numero: 90 | Score Final: 99; AVENIDA PRESIDENTE JUSCELINO PIRAPORINHA 847 | Similaridade Texto: 100 | Similaridade Numero: 90 | Score Final: 99; AVENIDA PRESIDENTE JUSCELINO PIRAPORINHA 847 | Similaridade Texto: 100 | Similaridade Numero: 90 | Score Final: 99; AVENIDA PRESIDENTE JUSCELINO PIRAPORINHA 847 | Similaridade Texto: 100 | Similaridade Numero: 90 | Score Final: 99; AVENIDA PRESIDENTE JUSCELINO PIRAPORINHA 847 | Similaridade Texto: 100 | Similaridade Numero: 90 | Score Final: 99; AVENIDA PRESIDENTE JUSCELINO PIRAPORINHA 677 | Similaridade Texto: 100 | Similaridade Numero: 89 | Score Final: 99; AVENIDA PRESIDENTE JUSCELINO PIRAPORINHA 677 | Similaridade Texto: 100 | Similaridade Numero: 89 | Score Final: 99; AVENIDA PRESIDENTE JUSCELINO PIRAPORINHA 855 | Similaridade Texto: 100 | Similaridade Numero: 89 | Score Final: 99; AVENIDA PRESIDENTE JUSCELINO PIRAPORINHA 855 | Similaridade Texto: 100 | Similaridade Numero: 89 | Score Final: 99; AVENIDA PRESIDENTE JUSCELINO PIRAPORINHA 855 | Similaridade Texto: 100 | Similaridade Numero: 89 | Score Final: 99; AVENIDA PRESIDENTE JUSCELINO PIRAPORINHA 855 | Similaridade Texto: 100 | Similaridade Numero: 89 | Score Final: 99; AVENIDA PRESIDENTE JUSCELINO PIRAPORINHA 663 | Similaridade Texto: 100 | Similaridade Numero: 87 | Score Final: 99; AVENIDA PRESIDENTE JUSCELINO PIRAPORINHA 869 | Similaridade Texto: 100 | Similaridade Numero: 87 | Score Final: 99; AVENIDA PRESIDENTE JUSCELINO PIRAPORINHA 875 | Similaridade Texto: 100 | Similaridade Numero: 87 | Score Final: 99; AVENIDA PRESIDENTE JUSCELINO PIRAPORINHA 875 | Similaridade Texto: 100 | Similaridade Numero: 87 | Score Final: 99";99,84
25;AVENIDA SINESIO PEREIRA CAMPANARIO;27,0;25087;AVENIDA  SYNESIO PEREIRA CAMPANARIO;27;96,15;36,49;96,54;"AVENIDA  SYNESIO PEREIRA CAMPANARIO 27 | Similaridade Texto: 96 | Similaridade Numero: 100 | Score Final: 97; RUA  SYNESIO PEREIRA CAMPANARIO 32 | Similaridade Texto: 96 | Similaridade Numero: 90 | Score Final: 96; RUA  SYNESIO PEREIRA CAMPANARIO 38 | Similaridade Texto: 96 | Similaridade Numero: 78 | Score Final: 94; RUA  SYNESIO PEREIRA CAMPANARIO 38 | Similaridade Texto: 96 | Similaridade Numero: 78 | Score Final: 94; RUA  SYNESIO PEREIRA CAMPANARIO 38 | Similaridade Texto: 96 | Similaridade Numero: 78 | Score Final: 94; RUA  SYNESIO PEREIRA CAMPANARIO 38 | Similaridade Texto: 96 | Similaridade Numero: 78 | Score Final: 94; RUA  SYNESIO PEREIRA CAMPANARIO 44 | Similaridade Texto: 96 | Similaridade Numero: 66 | Score Final: 93; RUA  SYNESIO PEREIRA CAMPANARIO 54 | Similaridade Texto: 96 | Similaridade Numero: 50 | Score Final: 92; RUA  SYNESIO PEREIRA CAMPANARIO 54 | Similaridade Texto: 96 | Similaridade Numero: 50 | Score Final: 92; RUA  SYNESIO PEREIRA CAMPANARIO 54 | Similaridade Texto: 96 | Similaridade Numero: 50 | Score Final: 92; RUA  SYNESIO PEREIRA CAMPANARIO 54 | Similaridade Texto: 96 | Similaridade Numero: 50 | Score Final: 92; RUA  SYNESIO PEREIRA CAMPANARIO 58 | Similaridade Texto: 96 | Similaridade Numero: 47 | Score Final: 91; RUA  SYNESIO PEREIRA CAMPANARIO 58 | Similaridade Texto: 96 | Similaridade Numero: 47 | Score Final: 91; RUA  SYNESIO PEREIRA CAMPANARIO 0 | Similaridade Texto: 96 | Similaridade Numero: 46 | Score Final: 91; RUA  SYNESIO PEREIRA CAMPANARIO 0 | Similaridade Texto: 96 | Similaridade Numero: 46 | Score Final: 91; RUA  SYNESIO PEREIRA CAMPANARIO 0 | Similaridade Texto: 96 | Similaridade Numero: 46 | Score Final: 91; RUA  SYNESIO PEREIRA CAMPANARIO 64 | Similaridade Texto: 96 | Similaridade Numero: 42 | Score Final: 91; RUA  SYNESIO PEREIRA CAMPANARIO 68 | Similaridade Texto: 96 | Similaridade Numero: 40 | Score Final: 91; RUA  SYNESIO PEREIRA CAMPANARIO 68 | Similaridade Texto: 96 | Similaridade Numero: 40 | Score Final: 91; RUA  SYNESIO PEREIRA CAMPANARIO 74 | Similaridade Texto: 96 | Similaridade Numero: 36 | Score Final: 90";96,54
26;AVENIDA AFRANIO PEIXOTO VILA PAULINA;643,0;59437;AVENIDA  AFRANIO PEIXOTO ELDORADO;599;78,95;81,65;80,37;"AVENIDA  AFRANIO PEIXOTO ELDORADO 599 | Similaridade Texto: 79 | Similaridade Numero: 93 | Score Final: 80; AVENIDA  AFRANIO PEIXOTO ELDORADO 599 | Similaridade Texto: 79 | Similaridade Numero: 93 | Score Final: 80; AVENIDA  AFRANIO PEIXOTO ELDORADO 548 | Similaridade Texto: 79 | Similaridade Numero: 85 | Score Final: 80; AVENIDA  AFRANIO PEIXOTO ELDORADO 546 | Similaridade Texto: 79 | Similaridade Numero: 85 | Score Final: 80; AVENIDA  AFRANIO PEIXOTO ELDORADO 546 | Similaridade Texto: 79 | Similaridade Numero: 85 | Score Final: 80; AVENIDA  AFRANIO PEIXOTO ELDORADO 544 | Similaridade Texto: 79 | Similaridade Numero: 85 | Score Final: 80; AVENIDA  AFRANIO PEIXOTO ELDORADO 543 | Similaridade Texto: 79 | Similaridade Numero: 84 | Score Final: 79; AVENIDA  AFRANIO PEIXOTO ELDORADO 542 | Similaridade Texto: 79 | Similaridade Numero: 84 | Score Final: 79; AVENIDA  AFRANIO PEIXOTO ELDORADO 541 | Similaridade Texto: 79 | Similaridade Numero: 84 | Score Final: 79; AVENIDA  AFRANIO PEIXOTO ELDORADO 541 | Similaridade Texto: 79 | Similaridade Numero: 84 | Score Final: 79; AVENIDA  AFRANIO PEIXOTO ELDORADO 540 | Similaridade Texto: 79 | Similaridade Numero: 84 | Score Final: 79; AVENIDA  AFRANIO PEIXOTO ELDORADO 531 | Similaridade Texto: 79 | Similaridade Numero: 83 | Score Final: 79; AVENIDA  AFRANIO PEIXOTO ELDORADO 531 | Similaridade Texto: 79 | Similaridade Numero: 83 | Score Final: 79; AVENIDA  AFRANIO PEIXOTO ELDORADO 531 | Similaridade Texto: 79 | Similaridade Numero: 83 | Score Final: 79; AVENIDA  AFRANIO PEIXOTO ELDORADO 531 | Similaridade Texto: 79 | Similaridade Numero: 83 | Score Final: 79; AVENIDA  AFRANIO PEIXOTO ELDORADO 530 | Similaridade Texto: 79 | Similaridade Numero: 82 | Score Final: 79; AVENIDA  AFRANIO PEIXOTO ELDORADO 530 | Similaridade Texto: 79 | Similaridade Numero: 82 | Score Final: 79; AVENIDA  AFRANIO PEIXOTO ELDORADO 530 | Similaridade Texto: 79 | Similaridade Numero: 82 | Score Final: 79; AVENIDA  AFRANIO PEIXOTO ELDORADO 525 | Similaridade Texto: 79 | Similaridade Numero: 82 | Score Final: 79; AVENIDA  AFRANIO PEIXOTO ELDORADO 525 | Similaridade Texto: 79 | Similaridade Numero: 82 | Score Final: 79";80,37
27;RUA ITALIA JARDIM DAS NACOES;290,0;25950;AVENIDA  DAS NACOES TABOAO;291;82,35;88,69;84,08;"AVENIDA  DAS NACOES TABOAO 291 | Similaridade Texto: 82 | Similaridade Numero: 100 | Score Final: 84; AVENIDA  DAS NACOES TABOAO 289 | Similaridade Texto: 82 | Similaridade Numero: 100 | Score Final: 84; AVENIDA  DAS NACOES TABOAO 295 | Similaridade Texto: 82 | Similaridade Numero: 98 | Score Final: 84; AVENIDA  DAS NACOES TABOAO 299 | Similaridade Texto: 82 | Similaridade Numero: 97 | Score Final: 84; AVENIDA  DAS NACOES TABOAO 299 | Similaridade Texto: 82 | Similaridade Numero: 97 | Score Final: 84; AVENIDA  DAS NACOES TABOAO 299 | Similaridade Texto: 82 | Similaridade Numero: 97 | Score Final: 84; AVENIDA  DAS NACOES TABOAO 279 | Similaridade Texto: 82 | Similaridade Numero: 96 | Score Final: 84; AVENIDA  DAS NACOES TABOAO 279 | Similaridade Texto: 82 | Similaridade Numero: 96 | Score Final: 84; AVENIDA  DAS NACOES TABOAO 275 | Similaridade Texto: 82 | Similaridade Numero: 95 | Score Final: 84; AVENIDA  DAS NACOES TABOAO 275 | Similaridade Texto: 82 | Similaridade Numero: 95 | Score Final: 84; AVENIDA  DAS NACOES TABOAO 307 | Similaridade Texto: 82 | Similaridade Numero: 94 | Score Final: 84; AVENIDA  DAS NACOES TABOAO 307 | Similaridade Texto: 82 | Similaridade Numero: 94 | Score Final: 84; AVENIDA  DAS NACOES TABOAO 267 | Similaridade Texto: 82 | Similaridade Numero: 92 | Score Final: 83; AVENIDA  DAS NACOES TABOAO 267 | Similaridade Texto: 82 | Similaridade Numero: 92 | Score Final: 83; AVENIDA  DAS NACOES TABOAO 317 | Similaridade Texto: 82 | Similaridade Numero: 91 | Score Final: 83; AVENIDA  DAS NACOES TABOAO 317 | Similaridade Texto: 82 | Similaridade Numero: 91 | Score Final: 83; AVENIDA  DAS NACOES TABOAO 323 | Similaridade Texto: 82 | Similaridade Numero: 90 | Score Final: 83; AVENIDA  DAS NACOES TABOAO 327 | Similaridade Texto: 82 | Similaridade Numero: 89 | Score Final: 83; AVENIDA  DAS NACOES TABOAO 327 | Similaridade Texto: 82 | Similaridade Numero: 89 | Score Final: 83; AVENIDA  DAS NACOES TABOAO 327 | Similaridade Texto: 82 | Similaridade Numero: 89 | Score Final: 83";84,08
28;RUA GRACIOSA CENTRO;;15506;RUA  GRACIOSA CENTRO;187;100,0;0,0;90,0;"RUA  GRACIOSA CENTRO 187 | Similaridade Texto: 100 | Similaridade Numero: 0 | Score Final: 90; RUA  GRACIOSA CENTRO 185 | Similaridade Texto: 100 | Similaridade Numero: 0 | Score Final: 90; RUA  GRACIOSA CENTRO 173 | Similaridade Texto: 100 | Similaridade Numero: 0 | Score Final: 90; RUA  GRACIOSA CENTRO 0 | Similaridade Texto: 100 | Similaridade Numero: 0 | Score Final: 90; RUA  GRACIOSA CENTRO 516 | Similaridade Texto: 100 | Similaridade Numero: 0 | Score Final: 90; RUA  GRACIOSA CENTRO 528 | Similaridade Texto: 100 | Similaridade Numero: 0 | Score Final: 90; RUA  GRACIOSA CENTRO 520 | Similaridade Texto: 100 | Similaridade Numero: 0 | Score Final: 90; RUA  GRACIOSA CENTRO 508 | Similaridade Texto: 100 | Similaridade Numero: 0 | Score Final: 90; RUA  GRACIOSA CENTRO 0 | Similaridade Texto: 100 | Similaridade Numero: 0 | Score Final: 90; RUA  GRACIOSA CENTRO 0 | Similaridade Texto: 100 | Similaridade Numero: 0 | Score Final: 90; RUA  GRACIOSA CENTRO 117 | Similaridade Texto: 100 | Similaridade Numero: 0 | Score Final: 90; RUA  GRACIOSA CENTRO 125 | Similaridade Texto: 100 | Similaridade Numero: 0 | Score Final: 90; RUA  GRACIOSA CENTRO 35 | Similaridade Texto: 100 | Similaridade Numero: 0 | Score Final: 90; RUA  GRACIOSA CENTRO 61 | Similaridade Texto: 100 | Similaridade Numero: 0 | Score Final: 90; RUA  GRACIOSA CENTRO 39 | Similaridade Texto: 100 | Similaridade Numero: 0 | Score Final: 90; RUA  GRACIOSA CENTRO 141 | Similaridade Texto: 100 | Similaridade Numero: 0 | Score Final: 90; RUA  GRACIOSA CENTRO 101 | Similaridade Texto: 100 | Similaridade Numero: 0 | Score Final: 90; RUA  GRACIOSA CENTRO 83 | Similaridade Texto: 100 | Similaridade Numero: 0 | Score Final: 90; RUA  GRACIOSA CENTRO 89 | Similaridade Texto: 100 | Similaridade Numero: 0 | Score Final: 90; RUA  GRACIOSA CENTRO 155 | Similaridade Texto: 100 | Similaridade Numero: 0 | Score Final: 90";90,0
29;RUA CARAMURU VL CONCEICAO;1255,0;131520;RUA  CARAMURU CONCEICAO;1255;100,0;94,02;100,0;"RUA  CARAMURU CONCEICAO 1255 | Similaridade Texto: 100 | Similaridade Numero: 100 | Score Final: 100; RUA  CARAMURU CONCEICAO 1255 | Similaridade Texto: 100 | Similaridade Numero: 100 | Score Final: 100; RUA  CARAMURU CONCEICAO 1255 | Similaridade Texto: 100 | Similaridade Numero: 100 | Score Final: 100; RUA  CARAMURU CONCEICAO 1255 | Similaridade Texto: 100 | Similaridade Numero: 100 | Score Final: 100; RUA  CARAMURU CONCEICAO 1264 | Similaridade Texto: 100 | Similaridade Numero: 99 | Score Final: 100; RUA  CARAMURU CONCEICAO 1240 | Similaridade Texto: 100 | Similaridade Numero: 99 | Score Final: 100; RUA  CARAMURU CONCEICAO 1272 | Similaridade Texto: 100 | Similaridade Numero: 99 | Score Final: 100; RUA  CARAMURU CONCEICAO 1272 | Similaridade Texto: 100 | Similaridade Numero: 99 | Score Final: 100; RUA  CARAMURU CONCEICAO 1272 | Similaridade Texto: 100 | Similaridade Numero: 99 | Score Final: 100; RUA  CARAMURU CONCEICAO 1280 | Similaridade Texto: 100 | Similaridade Numero: 98 | Score Final: 100; RUA  CARAMURU CONCEICAO 1280 | Similaridade Texto: 100 | Similaridade Numero: 98 | Score Final: 100; RUA  CARAMURU CONCEICAO 1230 | Similaridade Texto: 100 | Similaridade Numero: 98 | Score Final: 100; RUA  CARAMURU CONCEICAO 1282 | Similaridade Texto: 100 | Similaridade Numero: 98 | Score Final: 100; RUA  CARAMURU CONCEICAO 1284 | Similaridade Texto: 100 | Similaridade Numero: 98 | Score Final: 100; RUA  CARAMURU CONCEICAO 1290 | Similaridade Texto: 100 | Similaridade Numero: 97 | Score Final: 100; RUA  CARAMURU CONCEICAO 1206 | Similaridade Texto: 100 | Similaridade Numero: 96 | Score Final: 100; RUA  CARAMURU CONCEICAO 1330 | Similaridade Texto: 100 | Similaridade Numero: 94 | Score Final: 99; RUA  CARAMURU CONCEICAO 1334 | Similaridade Texto: 100 | Similaridade Numero: 94 | Score Final: 99; RUA  CARAMURU CONCEICAO 1180 | Similaridade Texto: 100 | Similaridade Numero: 94 | Score Final: 99; RUA  CARAMURU CONCEICAO 1180 | Similaridade Texto: 100 | Similaridade Numero: 94 | Score Final: 99";100,0
30;RUA MANOEL DA NOBREGA VL CONCEICAO;605,0;133622;RUA  MANOEL DA NOBREGA CONCEICAO;881;100,0;43,12;96,87;"RUA  MANOEL DA NOBREGA CONCEICAO 881 | Similaridade Texto: 100 | Similaridade Numero: 69 | Score Final: 97; RUA  MANOEL DA NOBREGA CONCEICAO 1149 | Similaridade Texto: 100 | Similaridade Numero: 53 | Score Final: 95; RUA  MANOEL DA NOBREGA CONCEICAO 1221 | Similaridade Texto: 100 | Similaridade Numero: 50 | Score Final: 95; RUA  MANOEL DA NOBREGA CONCEICAO 1221 | Similaridade Texto: 100 | Similaridade Numero: 50 | Score Final: 95; RUA  MANOEL DA NOBREGA CONCEICAO 1269 | Similaridade Texto: 100 | Similaridade Numero: 48 | Score Final: 95; RUA  MANOEL DA NOBREGA CONCEICAO 1281 | Similaridade Texto: 100 | Similaridade Numero: 47 | Score Final: 95; RUA  MANOEL DA NOBREGA CONCEICAO 1287 | Similaridade Texto: 100 | Similaridade Numero: 47 | Score Final: 95; RUA  MANOEL DA NOBREGA CONCEICAO 1293 | Similaridade Texto: 100 | Similaridade Numero: 47 | Score Final: 95; RUA  MANOEL DA NOBREGA CONCEICAO 1297 | Similaridade Texto: 100 | Similaridade Numero: 47 | Score Final: 95; RUA  MANOEL DA NOBREGA CONCEICAO 1301 | Similaridade Texto: 100 | Similaridade Numero: 47 | Score Final: 95; RUA  MANOEL DA NOBREGA CONCEICAO 1319 | Similaridade Texto: 100 | Similaridade Numero: 46 | Score Final: 95; RUA  MANOEL DA NOBREGA CONCEICAO 1327 | Similaridade Texto: 100 | Similaridade Numero: 46 | Score Final: 95; RUA  MANOEL DA NOBREGA CONCEICAO 1331 | Similaridade Texto: 100 | Similaridade Numero: 45 | Score Final: 95; RUA  MANOEL DA NOBREGA CONCEICAO 1351 | Similaridade Texto: 100 | Similaridade Numero: 45 | Score Final: 94; RUA  MANOEL DA NOBREGA CONCEICAO 1355 | Similaridade Texto: 100 | Similaridade Numero: 45 | Score Final: 94; RUA  MANOEL DA NOBREGA CONCEICAO 1359 | Similaridade Texto: 100 | Similaridade Numero: 45 | Score Final: 94; RUA  MANOEL DA NOBREGA CONCEICAO 1371 | Similaridade Texto: 100 | Similaridade Numero: 44 | Score Final: 94; RUA  MANOEL DA NOBREGA CONCEICAO 1385 | Similaridade Texto: 100 | Similaridade Numero: 44 | Score Final: 94; RUA  MANOEL DA NOBREGA CONCEICAO 1399 | Similaridade Texto: 100 | Similaridade Numero: 43 | Score Final: 94; RUA  MANOEL DA NOBREGA CONCEICAO 1403 | Similaridade Texto: 100 | Similaridade Numero: 43 | Score Final: 94";96,87
31;AVENIDA ANTONIO PIRANGA CENTRO;700,0;50282;AVENIDA  ANTONIO PIRANGA CENTRO;700;100,0;73,71;100,0;"AVENIDA  ANTONIO PIRANGA CENTRO 700 | Similaridade Texto: 100 | Similaridade Numero: 100 | Score Final: 100; AVENIDA  ANTONIO PIRANGA CENTRO 703 | Similaridade Texto: 100 | Similaridade Numero: 100 | Score Final: 100; AVENIDA  ANTONIO PIRANGA CENTRO 655 | Similaridade Texto: 100 | Similaridade Numero: 94 | Score Final: 99; AVENIDA  ANTONIO PIRANGA CENTRO 641 | Similaridade Texto: 100 | Similaridade Numero: 92 | Score Final: 99; AVENIDA  ANTONIO PIRANGA CENTRO 631 | Similaridade Texto: 100 | Similaridade Numero: 90 | Score Final: 99; AVENIDA  ANTONIO PIRANGA CENTRO 615 | Similaridade Texto: 100 | Similaridade Numero: 88 | Score Final: 99; AVENIDA  ANTONIO PIRANGA CENTRO 596 | Similaridade Texto: 100 | Similaridade Numero: 85 | Score Final: 99; AVENIDA  ANTONIO PIRANGA CENTRO 595 | Similaridade Texto: 100 | Similaridade Numero: 85 | Score Final: 98; AVENIDA  ANTONIO PIRANGA CENTRO 588 | Similaridade Texto: 100 | Similaridade Numero: 84 | Score Final: 98; AVENIDA  ANTONIO PIRANGA CENTRO 583 | Similaridade Texto: 100 | Similaridade Numero: 83 | Score Final: 98; AVENIDA  ANTONIO PIRANGA CENTRO 841 | Similaridade Texto: 100 | Similaridade Numero: 83 | Score Final: 98; AVENIDA  ANTONIO PIRANGA CENTRO 847 | Similaridade Texto: 100 | Similaridade Numero: 83 | Score Final: 98; AVENIDA  ANTONIO PIRANGA CENTRO 578 | Similaridade Texto: 100 | Similaridade Numero: 83 | Score Final: 98; AVENIDA  ANTONIO PIRANGA CENTRO 877 | Similaridade Texto: 100 | Similaridade Numero: 80 | Score Final: 98; AVENIDA  ANTONIO PIRANGA CENTRO 556 | Similaridade Texto: 100 | Similaridade Numero: 79 | Score Final: 98; AVENIDA  ANTONIO PIRANGA CENTRO 887 | Similaridade Texto: 100 | Similaridade Numero: 79 | Score Final: 98; AVENIDA  ANTONIO PIRANGA CENTRO 540 | Similaridade Texto: 100 | Similaridade Numero: 77 | Score Final: 98; AVENIDA  ANTONIO PIRANGA CENTRO 520 | Similaridade Texto: 100 | Similaridade Numero: 74 | Score Final: 97; AVENIDA  ANTONIO PIRANGA CENTRO 520 | Similaridade Texto: 100 | Similaridade Numero: 74 | Score Final: 97; AVENIDA  ANTONIO PIRANGA CENTRO 516 | Similaridade Texto: 100 | Similaridade Numero: 74 | Score Final: 97";100,0
32;RUA NELSON RODRIGUES VL CONCEICAO;191,0;67716;RUA  NELSON RODRIGUES CONCEICAO;191;100,0;83,25;100,0;"RUA  NELSON RODRIGUES CONCEICAO 191 | Similaridade Texto: 100 | Similaridade Numero: 100 | Score Final: 100; RUA  NELSON RODRIGUES CONCEICAO 192 | Similaridade Texto: 100 | Similaridade Numero: 99 | Score Final: 100; RUA  NELSON RODRIGUES CONCEICAO 184 | Similaridade Texto: 100 | Similaridade Numero: 96 | Score Final: 100; RUA  NELSON RODRIGUES CONCEICAO 182 | Similaridade Texto: 100 | Similaridade Numero: 95 | Score Final: 100; RUA  NELSON RODRIGUES CONCEICAO 206 | Similaridade Texto: 100 | Similaridade Numero: 93 | Score Final: 99; RUA  NELSON RODRIGUES CONCEICAO 176 | Similaridade Texto: 100 | Similaridade Numero: 92 | Score Final: 99; RUA  NELSON RODRIGUES CONCEICAO 176 | Similaridade Texto: 100 | Similaridade Numero: 92 | Score Final: 99; RUA  NELSON RODRIGUES CONCEICAO 176 | Similaridade Texto: 100 | Similaridade Numero: 92 | Score Final: 99; RUA  NELSON RODRIGUES CONCEICAO 208 | Similaridade Texto: 100 | Similaridade Numero: 92 | Score Final: 99; RUA  NELSON RODRIGUES CONCEICAO 174 | Similaridade Texto: 100 | Similaridade Numero: 91 | Score Final: 99; RUA  NELSON RODRIGUES CONCEICAO 170 | Similaridade Texto: 100 | Similaridade Numero: 89 | Score Final: 99; RUA  NELSON RODRIGUES CONCEICAO 170 | Similaridade Texto: 100 | Similaridade Numero: 89 | Score Final: 99; RUA  NELSON RODRIGUES CONCEICAO 169 | Similaridade Texto: 100 | Similaridade Numero: 88 | Score Final: 99; RUA  NELSON RODRIGUES CONCEICAO 218 | Similaridade Texto: 100 | Similaridade Numero: 88 | Score Final: 99; RUA  NELSON RODRIGUES CONCEICAO 166 | Similaridade Texto: 100 | Similaridade Numero: 87 | Score Final: 99; RUA  NELSON RODRIGUES CONCEICAO 220 | Similaridade Texto: 100 | Similaridade Numero: 87 | Score Final: 99; RUA  NELSON RODRIGUES CONCEICAO 164 | Similaridade Texto: 100 | Similaridade Numero: 86 | Score Final: 99; RUA  NELSON RODRIGUES CONCEICAO 224 | Similaridade Texto: 100 | Similaridade Numero: 85 | Score Final: 99; RUA  NELSON RODRIGUES CONCEICAO 159 | Similaridade Texto: 100 | Similaridade Numero: 83 | Score Final: 98; RUA  NELSON RODRIGUES CONCEICAO 159 | Similaridade Texto: 100 | Similaridade Numero: 83 | Score Final: 98";100,0
33;RUA SANTO AMARO CENTRO;92,0;112213;RUA SANTO AMARO CENTRO;92;100,0;84,78;100,0;"RUA SANTO AMARO CENTRO 92 | Similaridade Texto: 100 | Similaridade Numero: 100 | Score Final: 100; RUA SANTO AMARO CENTRO 93 | Similaridade Texto: 100 | Similaridade Numero: 99 | Score Final: 100; RUA SANTO AMARO CENTRO 93 | Similaridade Texto: 100 | Similaridade Numero: 99 | Score Final: 100; RUA SANTO AMARO CENTRO 93 | Similaridade Texto: 100 | Similaridade Numero: 99 | Score Final: 100; RUA SANTO AMARO CENTRO 93 | Similaridade Texto: 100 | Similaridade Numero: 99 | Score Final: 100; RUA SANTO AMARO CENTRO 93 | Similaridade Texto: 100 | Similaridade Numero: 99 | Score Final: 100; RUA SANTO AMARO CENTRO 93 | Similaridade Texto: 100 | Similaridade Numero: 99 | Score Final: 100; RUA SANTO AMARO CENTRO 93 | Similaridade Texto: 100 | Similaridade Numero: 99 | Score Final: 100; RUA SANTO AMARO CENTRO 93 | Similaridade Texto: 100 | Similaridade Numero: 99 | Score Final: 100; RUA SANTO AMARO CENTRO 93 | Similaridade Texto: 100 | Similaridade Numero: 99 | Score Final: 100; RUA SANTO AMARO CENTRO 93 | Similaridade Texto: 100 | Similaridade Numero: 99 | Score Final: 100; RUA SANTO AMARO CENTRO 93 | Similaridade Texto: 100 | Similaridade Numero: 99 | Score Final: 100; RUA SANTO AMARO CENTRO 93 | Similaridade Texto: 100 | Similaridade Numero: 99 | Score Final: 100; RUA SANTO AMARO CENTRO 93 | Similaridade Texto: 100 | Similaridade Numero: 99 | Score Final: 100; RUA SANTO AMARO CENTRO 93 | Similaridade Texto: 100 | Similaridade Numero: 99 | Score Final: 100; RUA SANTO AMARO CENTRO 93 | Similaridade Texto: 100 | Similaridade Numero: 99 | Score Final: 100; RUA SANTO AMARO CENTRO 93 | Similaridade Texto: 100 | Similaridade Numero: 99 | Score Final: 100; RUA SANTO AMARO CENTRO 99 | Similaridade Texto: 100 | Similaridade Numero: 93 | Score Final: 99; RUA SANTO AMARO CENTRO 108 | Similaridade Texto: 100 | Similaridade Numero: 85 | Score Final: 99; RUA SANTO AMARO CENTRO 78 | Similaridade Texto: 100 | Similaridade Numero: 85 | Score Final: 98";100,0
34;RUA COIMBRA CENTRO;760,0;43728;RUA  COIMBRA CENTRO;763;100,0;88,03;99,96;"RUA  COIMBRA CENTRO 763 | Similaridade Texto: 100 | Similaridade Numero: 100 | Score Final: 100; RUA  COIMBRA CENTRO 765 | Similaridade Texto: 100 | Similaridade Numero: 99 | Score Final: 100; RUA  COIMBRA CENTRO 755 | Similaridade Texto: 100 | Similaridade Numero: 99 | Score Final: 100; RUA  COIMBRA CENTRO 751 | Similaridade Texto: 100 | Similaridade Numero: 99 | Score Final: 100; RUA  COIMBRA CENTRO 773 | Similaridade Texto: 100 | Similaridade Numero: 98 | Score Final: 100; RUA  COIMBRA CENTRO 741 | Similaridade Texto: 100 | Similaridade Numero: 98 | Score Final: 100; RUA  COIMBRA CENTRO 783 | Similaridade Texto: 100 | Similaridade Numero: 97 | Score Final: 100; RUA  COIMBRA CENTRO 737 | Similaridade Texto: 100 | Similaridade Numero: 97 | Score Final: 100; RUA  COIMBRA CENTRO 715 | Similaridade Texto: 100 | Similaridade Numero: 94 | Score Final: 99; RUA  COIMBRA CENTRO 709 | Similaridade Texto: 100 | Similaridade Numero: 93 | Score Final: 99; RUA  COIMBRA CENTRO 709 | Similaridade Texto: 100 | Similaridade Numero: 93 | Score Final: 99; RUA  COIMBRA CENTRO 705 | Similaridade Texto: 100 | Similaridade Numero: 93 | Score Final: 99; RUA  COIMBRA CENTRO 705 | Similaridade Texto: 100 | Similaridade Numero: 93 | Score Final: 99; RUA  COIMBRA CENTRO 699 | Similaridade Texto: 100 | Similaridade Numero: 92 | Score Final: 99; RUA  COIMBRA CENTRO 699 | Similaridade Texto: 100 | Similaridade Numero: 92 | Score Final: 99; RUA  COIMBRA CENTRO 687 | Similaridade Texto: 100 | Similaridade Numero: 90 | Score Final: 99; RUA  COIMBRA CENTRO 679 | Similaridade Texto: 100 | Similaridade Numero: 89 | Score Final: 99; RUA  COIMBRA CENTRO 679 | Similaridade Texto: 100 | Similaridade Numero: 89 | Score Final: 99; RUA  COIMBRA CENTRO 675 | Similaridade Texto: 100 | Similaridade Numero: 89 | Score Final: 99; RUA  COIMBRA CENTRO 669 | Similaridade Texto: 100 | Similaridade Numero: 88 | Score Final: 99";99,96
35;RUA BOROROS CONCEICAO;80,0;113708;RUA  BOROROS CONCEICAO;83;100,0;88,75;99,64;"RUA  BOROROS CONCEICAO 83 | Similaridade Texto: 100 | Similaridade Numero: 96 | Score Final: 100; RUA  BOROROS CONCEICAO 83 | Similaridade Texto: 100 | Similaridade Numero: 96 | Score Final: 100; RUA  BOROROS CONCEICAO 83 | Similaridade Texto: 100 | Similaridade Numero: 96 | Score Final: 100; RUA  BOROROS CONCEICAO 77 | Similaridade Texto: 100 | Similaridade Numero: 96 | Score Final: 100; RUA  BOROROS CONCEICAO 77 | Similaridade Texto: 100 | Similaridade Numero: 96 | Score Final: 100; RUA  BOROROS CONCEICAO 77 | Similaridade Texto: 100 | Similaridade Numero: 96 | Score Final: 100; RUA  BOROROS CONCEICAO 87 | Similaridade Texto: 100 | Similaridade Numero: 92 | Score Final: 99; RUA  BOROROS CONCEICAO 87 | Similaridade Texto: 100 | Similaridade Numero: 92 | Score Final: 99; RUA  BOROROS CONCEICAO 87 | Similaridade Texto: 100 | Similaridade Numero: 92 | Score Final: 99; RUA  BOROROS CONCEICAO 87 | Similaridade Texto: 100 | Similaridade Numero: 92 | Score Final: 99; RUA  BOROROS CONCEICAO 87 | Similaridade Texto: 100 | Similaridade Numero: 92 | Score Final: 99; RUA  BOROROS CONCEICAO 87 | Similaridade Texto: 100 | Similaridade Numero: 92 | Score Final: 99; RUA  BOROROS CONCEICAO 87 | Similaridade Texto: 100 | Similaridade Numero: 92 | Score Final: 99; RUA  BOROROS CONCEICAO 87 | Similaridade Texto: 100 | Similaridade Numero: 92 | Score Final: 99; RUA  BOROROS CONCEICAO 87 | Similaridade Texto: 100 | Similaridade Numero: 92 | Score Final: 99; RUA  BOROROS CONCEICAO 87 | Similaridade Texto: 100 | Similaridade Numero: 92 | Score Final: 99; RUA  BOROROS CONCEICAO 71 | Similaridade Texto: 100 | Similaridade Numero: 89 | Score Final: 99; RUA  BOROROS CONCEICAO 71 | Similaridade Texto: 100 | Similaridade Numero: 89 | Score Final: 99; RUA  BOROROS CONCEICAO 71 | Similaridade Texto: 100 | Similaridade Numero: 89 | Score Final: 99; RUA  BOROROS CONCEICAO 71 | Similaridade Texto: 100 | Similaridade Numero: 89 | Score Final: 99";99,64
36;AVENIDA ANTONIO PIRANGA CENTRO;556,0;61402;AVENIDA  ANTONIO PIRANGA CENTRO;556;100,0;88,49;100,0;"AVENIDA  ANTONIO PIRANGA CENTRO 556 | Similaridade Texto: 100 | Similaridade Numero: 100 | Score Final: 100; AVENIDA  ANTONIO PIRANGA CENTRO 540 | Similaridade Texto: 100 | Similaridade Numero: 97 | Score Final: 100; AVENIDA  ANTONIO PIRANGA CENTRO 578 | Similaridade Texto: 100 | Similaridade Numero: 96 | Score Final: 100; AVENIDA  ANTONIO PIRANGA CENTRO 583 | Similaridade Texto: 100 | Similaridade Numero: 95 | Score Final: 100; AVENIDA  ANTONIO PIRANGA CENTRO 588 | Similaridade Texto: 100 | Similaridade Numero: 95 | Score Final: 99; AVENIDA  ANTONIO PIRANGA CENTRO 520 | Similaridade Texto: 100 | Similaridade Numero: 94 | Score Final: 99; AVENIDA  ANTONIO PIRANGA CENTRO 520 | Similaridade Texto: 100 | Similaridade Numero: 94 | Score Final: 99; AVENIDA  ANTONIO PIRANGA CENTRO 595 | Similaridade Texto: 100 | Similaridade Numero: 93 | Score Final: 99; AVENIDA  ANTONIO PIRANGA CENTRO 596 | Similaridade Texto: 100 | Similaridade Numero: 93 | Score Final: 99; AVENIDA  ANTONIO PIRANGA CENTRO 516 | Similaridade Texto: 100 | Similaridade Numero: 93 | Score Final: 99; AVENIDA  ANTONIO PIRANGA CENTRO 506 | Similaridade Texto: 100 | Similaridade Numero: 91 | Score Final: 99; AVENIDA  ANTONIO PIRANGA CENTRO 506 | Similaridade Texto: 100 | Similaridade Numero: 91 | Score Final: 99; AVENIDA  ANTONIO PIRANGA CENTRO 504 | Similaridade Texto: 100 | Similaridade Numero: 91 | Score Final: 99; AVENIDA  ANTONIO PIRANGA CENTRO 504 | Similaridade Texto: 100 | Similaridade Numero: 91 | Score Final: 99; AVENIDA  ANTONIO PIRANGA CENTRO 504 | Similaridade Texto: 100 | Similaridade Numero: 91 | Score Final: 99; AVENIDA  ANTONIO PIRANGA CENTRO 504 | Similaridade Texto: 100 | Similaridade Numero: 91 | Score Final: 99; AVENIDA  ANTONIO PIRANGA CENTRO 615 | Similaridade Texto: 100 | Similaridade Numero: 90 | Score Final: 99; AVENIDA  ANTONIO PIRANGA CENTRO 502 | Similaridade Texto: 100 | Similaridade Numero: 90 | Score Final: 99; AVENIDA  ANTONIO PIRANGA CENTRO 496 | Similaridade Texto: 100 | Similaridade Numero: 89 | Score Final: 99; AVENIDA  ANTONIO PIRANGA CENTRO 492 | Similaridade Texto: 100 | Similaridade Numero: 88 | Score Final: 99";100,0
37;RUA JAVARI JARDIM PAINEIRAS;635,0;21410;RUA  JAVARI TABOAO;635;63,16;90,84;66,84;"RUA  JAVARI TABOAO 635 | Similaridade Texto: 63 | Similaridade Numero: 100 | Score Final: 67; RUA  JAVARI TABOAO 647 | Similaridade Texto: 63 | Similaridade Numero: 98 | Score Final: 67; RUA  JAVARI TABOAO 663 | Similaridade Texto: 63 | Similaridade Numero: 96 | Score Final: 66; RUA  JAVARI TABOAO 667 | Similaridade Texto: 63 | Similaridade Numero: 95 | Score Final: 66; RUA  JAVARI TABOAO 674 | Similaridade Texto: 63 | Similaridade Numero: 94 | Score Final: 66; RUA  JAVARI TABOAO 677 | Similaridade Texto: 63 | Similaridade Numero: 94 | Score Final: 66; RUA  JAVARI TABOAO 677 | Similaridade Texto: 63 | Similaridade Numero: 94 | Score Final: 66; RUA  JAVARI TABOAO 679 | Similaridade Texto: 63 | Similaridade Numero: 94 | Score Final: 66; RUA  JAVARI TABOAO 687 | Similaridade Texto: 63 | Similaridade Numero: 92 | Score Final: 66; RUA  JAVARI TABOAO 687 | Similaridade Texto: 63 | Similaridade Numero: 92 | Score Final: 66; RUA  PAINEIRAS CONCEICAO 77 | Similaridade Texto: 72 | Similaridade Numero: 12 | Score Final: 66; RUA  JAVARI TABOAO 582 | Similaridade Texto: 63 | Similaridade Numero: 92 | Score Final: 66; RUA  JAVARI TABOAO 582 | Similaridade Texto: 63 | Similaridade Numero: 92 | Score Final: 66; RUA  JAVARI TABOAO 582 | Similaridade Texto: 63 | Similaridade Numero: 92 | Score Final: 66; RUA  JAVARI TABOAO 693 | Similaridade Texto: 63 | Similaridade Numero: 92 | Score Final: 66; RUA  PAINEIRAS CONCEICAO 75 | Similaridade Texto: 72 | Similaridade Numero: 12 | Score Final: 66; RUA  PAINEIRAS CONCEICAO 73 | Similaridade Texto: 72 | Similaridade Numero: 11 | Score Final: 66; RUA  JAVARI TABOAO 578 | Similaridade Texto: 63 | Similaridade Numero: 91 | Score Final: 66; RUA  JAVARI TABOAO 699 | Similaridade Texto: 63 | Similaridade Numero: 91 | Score Final: 66; RUA  JAVARI TABOAO 699 | Similaridade Texto: 63 | Similaridade Numero: 91 | Score Final: 66";66,84
38;RUA SAO JORGE CENTRO;98,0;28001;RUA SAO JORGE CENTRO;98;100,0;95,15;100,0;"RUA SAO JORGE CENTRO 98 | Similaridade Texto: 100 | Similaridade Numero: 100 | Score Final: 100; RUA SAO JORGE CENTRO 103 | Similaridade Texto: 100 | Similaridade Numero: 95 | Score Final: 100; RUA SAO JORGE CENTRO 103 | Similaridade Texto: 100 | Similaridade Numero: 95 | Score Final: 100; RUA SAO JORGE CENTRO 103 | Similaridade Texto: 100 | Similaridade Numero: 95 | Score Final: 100; RUA SAO JORGE CENTRO 103 | Similaridade Texto: 100 | Similaridade Numero: 95 | Score Final: 100; RUA SAO JORGE CENTRO 103 | Similaridade Texto: 100 | Similaridade Numero: 95 | Score Final: 100; RUA SAO JORGE CENTRO 103 | Similaridade Texto: 100 | Similaridade Numero: 95 | Score Final: 100; RUA SAO JORGE CENTRO 103 | Similaridade Texto: 100 | Similaridade Numero: 95 | Score Final: 100; RUA SAO JORGE CENTRO 103 | Similaridade Texto: 100 | Similaridade Numero: 95 | Score Final: 100; RUA SAO JORGE CENTRO 103 | Similaridade Texto: 100 | Similaridade Numero: 95 | Score Final: 100; RUA SAO JORGE CENTRO 103 | Similaridade Texto: 100 | Similaridade Numero: 95 | Score Final: 100; RUA SAO JORGE CENTRO 103 | Similaridade Texto: 100 | Similaridade Numero: 95 | Score Final: 100; RUA SAO JORGE CENTRO 103 | Similaridade Texto: 100 | Similaridade Numero: 95 | Score Final: 100; RUA SAO JORGE CENTRO 103 | Similaridade Texto: 100 | Similaridade Numero: 95 | Score Final: 100; RUA SAO JORGE CENTRO 103 | Similaridade Texto: 100 | Similaridade Numero: 95 | Score Final: 100; RUA SAO JORGE CENTRO 103 | Similaridade Texto: 100 | Similaridade Numero: 95 | Score Final: 100; RUA SAO JORGE CENTRO 103 | Similaridade Texto: 100 | Similaridade Numero: 95 | Score Final: 100; RUA SAO JORGE CENTRO 103 | Similaridade Texto: 100 | Similaridade Numero: 95 | Score Final: 100; RUA SAO JORGE CENTRO 103 | Similaridade Texto: 100 | Similaridade Numero: 95 | Score Final: 100; RUA SAO JORGE CENTRO 103 | Similaridade Texto: 100 | Similaridade Numero: 95 | Score Final: 100";100,0
39;ANTONIO PIRANGA CENTRO;556,0;61402;AVENIDA  ANTONIO PIRANGA CENTRO;556;100,0;88,49;100,0;"AVENIDA  ANTONIO PIRANGA CENTRO 556 | Similaridade Texto: 100 | Similaridade Numero: 100 | Score Final: 100; AVENIDA  ANTONIO PIRANGA CENTRO 540 | Similaridade Texto: 100 | Similaridade Numero: 97 | Score Final: 100; AVENIDA  ANTONIO PIRANGA CENTRO 578 | Similaridade Texto: 100 | Similaridade Numero: 96 | Score Final: 100; AVENIDA  ANTONIO PIRANGA CENTRO 583 | Similaridade Texto: 100 | Similaridade Numero: 95 | Score Final: 100; AVENIDA  ANTONIO PIRANGA CENTRO 588 | Similaridade Texto: 100 | Similaridade Numero: 95 | Score Final: 99; AVENIDA  ANTONIO PIRANGA CENTRO 520 | Similaridade Texto: 100 | Similaridade Numero: 94 | Score Final: 99; AVENIDA  ANTONIO PIRANGA CENTRO 520 | Similaridade Texto: 100 | Similaridade Numero: 94 | Score Final: 99; AVENIDA  ANTONIO PIRANGA CENTRO 595 | Similaridade Texto: 100 | Similaridade Numero: 93 | Score Final: 99; AVENIDA  ANTONIO PIRANGA CENTRO 596 | Similaridade Texto: 100 | Similaridade Numero: 93 | Score Final: 99; AVENIDA  ANTONIO PIRANGA CENTRO 516 | Similaridade Texto: 100 | Similaridade Numero: 93 | Score Final: 99; AVENIDA  ANTONIO PIRANGA CENTRO 506 | Similaridade Texto: 100 | Similaridade Numero: 91 | Score Final: 99; AVENIDA  ANTONIO PIRANGA CENTRO 506 | Similaridade Texto: 100 | Similaridade Numero: 91 | Score Final: 99; AVENIDA  ANTONIO PIRANGA CENTRO 504 | Similaridade Texto: 100 | Similaridade Numero: 91 | Score Final: 99; AVENIDA  ANTONIO PIRANGA CENTRO 504 | Similaridade Texto: 100 | Similaridade Numero: 91 | Score Final: 99; AVENIDA  ANTONIO PIRANGA CENTRO 504 | Similaridade Texto: 100 | Similaridade Numero: 91 | Score Final: 99; AVENIDA  ANTONIO PIRANGA CENTRO 504 | Similaridade Texto: 100 | Similaridade Numero: 91 | Score Final: 99; AVENIDA  ANTONIO PIRANGA CENTRO 615 | Similaridade Texto: 100 | Similaridade Numero: 90 | Score Final: 99; AVENIDA  ANTONIO PIRANGA CENTRO 502 | Similaridade Texto: 100 | Similaridade Numero: 90 | Score Final: 99; AVENIDA  ANTONIO PIRANGA CENTRO 496 | Similaridade Texto: 100 | Similaridade Numero: 89 | Score Final: 99; AVENIDA  ANTONIO PIRANGA CENTRO 492 | Similaridade Texto: 100 | Similaridade Numero: 88 | Score Final: 99";100,0
40;AVENIDA NOSSA SENHORA DOS NAVEGANTES ELDORADO;332,0;938;AVENIDA NOSSA SENHORA DOS NAVEGANTES ELDORADO;332;100,0;91,21;100,0;"AVENIDA NOSSA SENHORA DOS NAVEGANTES ELDORADO 332 | Similaridade Texto: 100 | Similaridade Numero: 100 | Score Final: 100; AVENIDA NOSSA SENHORA DOS NAVEGANTES ELDORADO 332 | Similaridade Texto: 100 | Similaridade Numero: 100 | Score Final: 100; AVENIDA NOSSA SENHORA DOS NAVEGANTES ELDORADO 332 | Similaridade Texto: 100 | Similaridade Numero: 100 | Score Final: 100; AVENIDA NOSSA SENHORA DOS NAVEGANTES ELDORADO 332 | Similaridade Texto: 100 | Similaridade Numero: 100 | Score Final: 100; AVENIDA NOSSA SENHORA DOS NAVEGANTES ELDORADO 332 | Similaridade Texto: 100 | Similaridade Numero: 100 | Score Final: 100; AVENIDA NOSSA SENHORA DOS NAVEGANTES ELDORADO 321 | Similaridade Texto: 100 | Similaridade Numero: 97 | Score Final: 100; AVENIDA NOSSA SENHORA DOS NAVEGANTES ELDORADO 321 | Similaridade Texto: 100 | Similaridade Numero: 97 | Score Final: 100; AVENIDA NOSSA SENHORA DOS NAVEGANTES ELDORADO 345 | Similaridade Texto: 100 | Similaridade Numero: 96 | Score Final: 100; AVENIDA NOSSA SENHORA DOS NAVEGANTES ELDORADO 311 | Similaridade Texto: 100 | Similaridade Numero: 94 | Score Final: 99; AVENIDA NOSSA SENHORA DOS NAVEGANTES ELDORADO 311 | Similaridade Texto: 100 | Similaridade Numero: 94 | Score Final: 99; AVENIDA NOSSA SENHORA DOS NAVEGANTES ELDORADO 311 | Similaridade Texto: 100 | Similaridade Numero: 94 | Score Final: 99; AVENIDA NOSSA SENHORA DOS NAVEGANTES ELDORADO 311 | Similaridade Texto: 100 | Similaridade Numero: 94 | Score Final: 99; AVENIDA NOSSA SENHORA DOS NAVEGANTES ELDORADO 357 | Similaridade Texto: 100 | Similaridade Numero: 93 | Score Final: 99; AVENIDA NOSSA SENHORA DOS NAVEGANTES ELDORADO 357 | Similaridade Texto: 100 | Similaridade Numero: 93 | Score Final: 99; AVENIDA NOSSA SENHORA DOS NAVEGANTES ELDORADO 357 | Similaridade Texto: 100 | Similaridade Numero: 93 | Score Final: 99; AVENIDA NOSSA SENHORA DOS NAVEGANTES ELDORADO 357 | Similaridade Texto: 100 | Similaridade Numero: 93 | Score Final: 99; AVENIDA NOSSA SENHORA DOS NAVEGANTES ELDORADO 307 | Similaridade Texto: 100 | Similaridade Numero: 92 | Score Final: 99; AVENIDA NOSSA SENHORA DOS NAVEGANTES ELDORADO 307 | Similaridade Texto: 100 | Similaridade Numero: 92 | Score Final: 99; AVENIDA NOSSA SENHORA DOS NAVEGANTES ELDORADO 307 | Similaridade Texto: 100 | Similaridade Numero: 92 | Score Final: 99; AVENIDA NOSSA SENHORA DOS NAVEGANTES ELDORADO 364 | Similaridade Texto: 100 | Similaridade Numero: 91 | Score Final: 99";100,0
